<?xml version="1.0" encoding="utf-8"?>
<Abilities>
  <Class Name="Magicks">
    <Group Name="White Magicks">
      <Item ID="12288" Name="Cure" />
      <Item ID="12289" Name="Blindna" />
      <Item ID="12290" Name="Vox" />
      <Item ID="12291" Name="Poisona" />
      <Item ID="12292" Name="Cura" />
      <Item ID="12293" Name="Raise" />
      <Item ID="12294" Name="Curaga" />
      <Item ID="12295" Name="Stona" />
      <Item ID="12296" Name="Regen" />
      <Item ID="12297" Name="Cleanse" />
      <Item ID="12298" Name="Esuna" />
      <Item ID="12299" Name="Curaja" />
      <Item ID="12300" Name="Dispel" />
      <Item ID="12301" Name="Dispelga" />
      <Item ID="12302" Name="Renew" />
      <Item ID="12303" Name="Arise" />
      <Item ID="12304" Name="Esunaga" />
      <Item ID="12305" Name="Holy" />
      <Item ID="12339" Name="Protect" />
      <Item ID="12340" Name="Shell" />
      <Item ID="12341" Name="Bravery" />
      <Item ID="12342" Name="Faith" />
      <Item ID="12343" Name="Protectga" />
      <Item ID="12344" Name="Shellga" />
      <Item ID="12357" Name="Confuse" />
    </Group>
    <Group Name="Black Magicks">
      <Item ID="12306" Name="Fire" />
      <Item ID="12307" Name="Thunder" />
      <Item ID="12308" Name="Blizzard" />
      <Item ID="12309" Name="Water" />
      <Item ID="12310" Name="Aero" />
      <Item ID="12311" Name="Fira" />
      <Item ID="12312" Name="Thundara" />
      <Item ID="12313" Name="Blizzara" />
      <Item ID="12314" Name="Bio" />
      <Item ID="12315" Name="Aeroga" />
      <Item ID="12316" Name="Firaga" />
      <Item ID="12317" Name="Thundaga" />
      <Item ID="12318" Name="Blizzaga" />
      <Item ID="12319" Name="Shock" />
      <Item ID="12320" Name="Scourge" />
      <Item ID="12321" Name="Flare" />
      <Item ID="12323" Name="Scathe" />
      <Item ID="12345" Name="Blind" />
      <Item ID="12347" Name="Poison" />
      <Item ID="12348" Name="Silence" />
      <Item ID="12349" Name="Sleep" />
      <Item ID="12350" Name="Blindga" />
      <Item ID="12351" Name="Toxify" />
      <Item ID="12352" Name="Silencega" />
      <Item ID="12353" Name="Sleepga" />
    </Group>
    <Group Name="Time Magicks">
      <Item ID="12324" Name="Haste" />
      <Item ID="12325" Name="Float" />
      <Item ID="12326" Name="Hastega" />
      <Item ID="12327" Name="Slow" />
      <Item ID="12328" Name="Immobilize" />
      <Item ID="12329" Name="Disable" />
      <Item ID="12330" Name="Bleed" />
      <Item ID="12331" Name="Break" />
      <Item ID="12332" Name="Stop" />
      <Item ID="12333" Name="Slowga" />
      <Item ID="12334" Name="Countdown" />
      <Item ID="12335" Name="Reflect" />
      <Item ID="12336" Name="Reflectga" />
      <Item ID="12337" Name="Balance" />
      <Item ID="12338" Name="Warp" />
      <Item ID="12355" Name="Berserk" />
      <Item ID="12359" Name="Vanish" />
      <Item ID="12360" Name="Vanishga" />
      <Item ID="12367" Name="Gravity" />
      <Item ID="12368" Name="Graviga" />
    </Group>
    <Group Name="Green Magicks">
      <Item ID="12346" Name="Oil" />
      <Item ID="12354" Name="Reverse" />
      <Item ID="12358" Name="Decoy" />
      <Item ID="12361" Name="Drain" />
      <Item ID="12362" Name="Syphon" />
      <Item ID="12363" Name="Bubble" />
    </Group>
    <Group Name="Arcane Magicks">
      <Item ID="12322" Name="Ardor" />
      <Item ID="12356" Name="Death" />
      <Item ID="12364" Name="Dark" />
      <Item ID="12365" Name="Darkra" />
      <Item ID="12366" Name="Darkga" />
    </Group>
  </Class>
  <Class Name="Technicks">
    <Group Name="Technicks">
      <Item ID="16384" Name="First Aid" />
      <Item ID="16385" Name="Shades of Black" />
      <Item ID="16386" Name="Horology" />
      <Item ID="16387" Name="Stamp" />
      <Item ID="16388" Name="Achilles" />
      <Item ID="16389" Name="Charge" />
      <Item ID="16390" Name="Infuse" />
      <Item ID="16391" Name="Souleater" />
      <Item ID="16392" Name="Wither" />
      <Item ID="16393" Name="Addle" />
      <Item ID="16394" Name="Bonecrusher" />
      <Item ID="16395" Name="Steal" />
      <Item ID="16396" Name="Telekinesis" />
      <Item ID="16397" Name="Expose" />
      <Item ID="16398" Name="Shear" />
      <Item ID="16399" Name="Charm" />
      <Item ID="16400" Name="Revive" />
      <Item ID="16401" Name="Sight Unseeing" />
      <Item ID="16402" Name="Numerology" />
      <Item ID="16403" Name="Libra" />
      <Item ID="16404" Name="Poach" />
      <Item ID="16405" Name="1000 Needles" />
      <Item ID="16406" Name="Traveler" />
      <Item ID="16407" Name="Gil Toss" />
    </Group>
  </Class>
</Abilities>