<?xml version="1.0" encoding="utf-8" ?>
<BazaarGoods>
  <Item Index="0" Name="Antidote Set" Items="Antidote x 3." />
  <Item Index="1" Name="Unassuming Surcoat" Items="Chromed Leathers x 1." />
  <Item Index="2" Name="Gilt Shield" Items="Buckler x 1." />
  <Item Index="3" Name="Tail of the Phoenix" Items="Phoenix Down x 2." />
  <Item Index="4" Name="First-aid Kit" Items="Phoenix Down x 2; Potion x 2." />
  <Item Index="5" Name="Assorted Leathers" Items="Leather Breastplate x 1; Leather Headgear x 1." />
  <Item Index="6" Name="Bow &amp; Bodkin" Items="Parallel Arrows x 1; Shortbow x 1." />
  <Item Index="7" Name="Eye Drop Set" Items="Eye Drops x 3." />
  <Item Index="8" Name="Marksman's Delight" Items="Silent Shot x 1; Capella x 1." />
  <Item Index="9" Name="Light Spear" Items="Javelin x 1." />
  <Item Index="10" Name="Iron-forged Blade" Items="Iron Sword x 1." />
  <Item Index="11" Name="Tinctures &amp; Tonics" Items="Potion x 5; Handkerchief x 3; Gold Needle x 3." />
  <Item Index="12" Name="Arrows Alight" Items="Fiery Arrows x 1; Longbow x 1." />
  <Item Index="13" Name="Rain of Tears" Items="Aqua Shot x 1; Vega x 1." />
  <Item Index="14" Name="Wooden Pole" Items="Cypress Pole x 1." />
  <Item Index="15" Name="Eye Openers" Items="Phoenix Down x 5; Alarm Clock x 5." />
  <Item Index="16" Name="Crimson Blade" Items="Blood Sword A x 1." />
  <Item Index="17" Name="Traveler's Garb" Items="Feathered Cap x 1; Traveler's Vestment x 1." />
  <Item Index="18" Name="Golden Garb" Items="Golden Helm x 1; Golden Armor x 1; Golden Shield x 1." />
  <Item Index="19" Name="Matching Reds" Items="Red Cap x 1; Brigandine x 1." />
  <Item Index="20" Name="Smelling Salts, &amp;c." Items="Hi-Potion x 4; Smelling Salts x 2." />
  <Item Index="21" Name="Burning Blade" Items="Flametongue x 1." />
  <Item Index="22" Name="Sipping Wine" Items="Bacchus's Wine x 3." />
  <Item Index="23" Name="Hollow-shaft Arrows" Items="Bamboo Arrows x 1; Loxley Bow x 1." />
  <Item Index="24" Name="Burnished Protectives" Items="Burgonet x 1; Shielded Armor x 1; Ice Shield x 1." />
  <Item Index="25" Name="Burning Fangs" Items="Red Fang x 5." />
  <Item Index="26" Name="Alluring Finery" Items="Lamia's Tiara x 1; Enchanter's Habit x 1." />
  <Item Index="27" Name="Monk's Garb" Items="Headband x 1; Jujitsu Gi x 1." />
  <Item Index="28" Name="Ranger's Crossbow" Items="Long Bolts x 1; Crossbow x 1." />
  <Item Index="29" Name="Iron-forged Pole" Items="Iron Pole x 1." />
  <Item Index="30" Name="Triage Kit" Items="Phoenix Down x 12; Hi-Potion x 3." />
  <Item Index="31" Name="Magick Shards" Items="Water Mote x 5." />
  <Item Index="32" Name="Ninja Garb" Items="Black Cowl x 1; Black Garb x 1." />
  <Item Index="33" Name="Light &amp; Sturdy Garb" Items="Adamant Hat x 1; Adamant Vest x 1." />
  <Item Index="34" Name="Huntsman's Crossbow" Items="Stone Bolts x 1; Recurve Crossbow x 1." />
  <Item Index="35" Name="Jag-tooth Ninja Sword" Items="Kagenui x 1." />
  <Item Index="36" Name="Survival Set" Items="Antidote x 12; Eye Drops x 12; Echo Herbs x 12." />
  <Item Index="37" Name="Soul of the Fire-bird" Items="Phoenix Down x 25." />
  <Item Index="38" Name="Emboldening Arms" Items="Chakra Band x 1; Power Vest x 1." />
  <Item Index="39" Name="Platinum Gear" Items="Platinum Helm x 1; Platinum Armor x 1; Platinum Shield x 1." />
  <Item Index="40" Name="Noisome Incendiaries" Items="Poison Bombs x 1; Fumarole x 1." />
  <Item Index="41" Name="War Axe" Items="Francisca x 1." />
  <Item Index="42" Name="Warped Blade" Items="Diamond Sword x 1." />
  <Item Index="43" Name="Forked Spear" Items="Trident x 1." />
  <Item Index="44" Name="Mudslinger" Items="Mud Shot x 1; Aldebaran Y x 1." />
  <Item Index="45" Name="Oil-soaked Incendiaries" Items="Oil Bombs x 1; Tumulus x 1." />
  <Item Index="46" Name="Blindflight Quarrels" Items="Black Bolts x 1; Hunting Crossbow x 1." />
  <Item Index="47" Name="Phials &amp; Philtres" Items="Vaccine x 8; Smelling Salts x 16." />
  <Item Index="48" Name="Potion Crate" Items="Potion x 30; Hi-Potion x 20; X-Potion x 10." />
  <Item Index="49" Name="Gigas Gear" Items="Gigas Hat x 1; Gigas Chestplate x 1." />
  <Item Index="50" Name="Armor-piercing Shot" Items="Windslicer Shot x 1; Spica x 1." />
  <Item Index="51" Name="Permafrost Bow &amp; Quiver" Items="Icecloud Arrows x 1; Perseus Bow x 1." />
  <Item Index="52" Name="Befuddling Incendiaries" Items="Chaos Bombs x 1; Caldera x 1." />
  <Item Index="53" Name="Mystic Staff" Items="Cloud Staff x 1." />
  <Item Index="54" Name="Elegant Pole" Items="Ivory Pole x 1." />
  <Item Index="55" Name="Phoenix Flight" Items="Phoenix Down x 50." />
  <Item Index="56" Name="Black Vestments" Items="Black Mask x 1; Black Robes x 1." />
  <Item Index="57" Name="White Vestments" Items="White Mask x 1; White Robes x 1." />
  <Item Index="58" Name="Nature's Armory" Items="Crown of Laurels x 1; Rubber Suit x 1." />
  <Item Index="59" Name="Forbidding Shield" Items="Demon Shield x 1." />
  <Item Index="60" Name="Sturdy Battle Gear" Items="Maximillian x 1." />
  <Item Index="61" Name="Magepower Helm" Items="Magepower Shishak x 1." />
  <Item Index="62" Name="Scout's Crossbow" Items="Time Bolts x 1; Penetrator Crossbow x 1." />
  <Item Index="63" Name="Water-drop Munitions" Items="Water Bombs x 1." />
  <Item Index="64" Name="Samurai's Katana" Items="Ame-no-Murakumo x 1." />
  <Item Index="65" Name="Double-bladed Knife" Items="Zwill Crossblade x 1." />
  <Item Index="66" Name="The Leering Blade" Items="Deathbringer x 1." />
  <Item Index="67" Name="Attenuated Greatsword" Items="Save the Queen x 1." />
  <Item Index="68" Name="Memories of Yore" Items="Pebble x 99." />
  <Item Index="69" Name="Devastating Incendiaries" Items="Castellanos x 1." />
  <Item Index="70" Name="Darksteel Blade" Items="Stoneblade x 1." />
  <Item Index="71" Name="Arrows of the Moon Goddess" Items="Artemis Arrows x 1." />
  <Item Index="72" Name="Serpent Blade" Items="Orochi N x 1." />
  <Item Index="73" Name="Well-forged Blade" Items="Durandal A x 1." />
  <Item Index="74" Name="Comfy Headgear" Items="Cat-ear Hood x 1." />
  <Item Index="75" Name="Stone Shot" Items="Stone Shot x 1." />
  <Item Index="76" Name="The Scorpion" Items="Scorpion Tail F x 1." />
  <Item Index="77" Name="Silver Bow" Items="Sagittarius A x 1." />
  <Item Index="78" Name="Piercing Bolts" Items="Grand Bolts x 1." />
  <Item Index="79" Name="Cursed Necklace" Items="Nihopalaoa x 1." />
  <Item Index="80" Name="Whisker of the Beast" Items="Whale Whisker N x 1." />
  <Item Index="81" Name="Late-model Rifle" Items="Arcturus x 1." />
  <Item Index="82" Name="Ultimate Blade" Items="Ultima Blade x 1." />
  <Item Index="83" Name="Bow of the Moon Goddess" Items="Artemis Bow x 1." />
  <Item Index="84" Name="Brilliant Shield" Items="Venetian Shield x 1." />
  <Item Index="85" Name="Engraved Spear" Items="Gungnir x 1." />
  <Item Index="86" Name="Golden Battle Axe" Items="Golden Axe x 1." />
  <Item Index="87" Name="Flask of Oily Liquid" Items="Ether x 1." />
  <Item Index="88" Name="Flask of Viscous Liquid" Items="Hi-Ether x 1." />
  <Item Index="89" Name="Saint's Draught" Items="Elixir x 1." />
  <Item Index="90" Name="Esoteric Draught" Items="Megalixir x 1." />
  <Item Index="91" Name="Life Crystal" Items="High Arcana x 1." />
  <Item Index="92" Name="Jewel of the Serpent" Items="Serpentarius x 1." />
  <Item Index="93" Name="Jewel of Creation" Items="Empyreal Soul x 1." />
  <Item Index="94" Name="Matchless Metal" Items="Gemsteel x 1." />
  <Item Index="95" Name="Master-crafted Blade" Items="Masamune I x 1." />
  <Item Index="96" Name="The Sunflower" Items="Tournesol x 1." />
  <Item Index="97" Name="Dragon Crest" Items="Wyrmhero Blade x 1." />
  <Item Index="98" Name="Mysterious Substance" Items="Dark Energy x 1." />
  <Item Index="99" Name="Forgotten Grimoire" Items="Hunter's Monograph." />
  <Item Index="100" Name="Forgotten Grimoire" Items="Knight's Monograph." />
  <Item Index="101" Name="Forgotten Grimoire" Items="Dragoon's Monograph." />
  <Item Index="102" Name="Forgotten Grimoire" Items="Sage's Monograph." />
  <Item Index="103" Name="Magick Shard" Items="Holy Mote x 1." />
  <Item Index="104" Name="Magick Shard" Items="Scathe Mote x 1." />
  <Item Index="105" Name="Potion Pack" Items="Potion x 2." />
  <Item Index="106" Name="Hi-Potion Pack" Items="Hi-Potion x 10." />
  <Item Index="107" Name="Chronos Tear Pack" Items="Chronos Tear x 10." />
  <Item Index="108" Name="Fire-bird's Whisper" Items="Phoenix Down x 10." />
  <Item Index="109" Name="Vaccine Pack" Items="Vaccine x 10." />
  <Item Index="110" Name="X-Potion Pack" Items="X-Potion x 10." />
  <Item Index="111" Name="Shell-worked Collar" Items="Turtleshell Choker x 1." />
  <Item Index="112" Name="Ninja Footgear" Items="Gillie Boots x 1." />
  <Item Index="113" Name="Brawler's Fetish" Items="Amber Armlet x 1." />
  <Item Index="114" Name="Blush of Light" Items="Firefly x 1." />
  <Item Index="115" Name="Shoes of the Dead" Items="Quasimodo Boots x 1." />
  <Item Index="116" Name="Back Harness" Items="Battle Harness x 1." />
  <Item Index="117" Name="Large Gloves" Items="Blazer Gloves x 1." />
  <Item Index="118" Name="Chain-link Belt" Items="Bubble Belt x 1." />
  <Item Index="119" Name="Wind Walkers" Items="Hermes Sandals x 1." />
  <Item Index="120" Name="Wing Cord" Items="Pheasant Netsuke x 1." />
  <Item Index="121" Name="Gilt Phylactery" Items="Golden Amulet x 1." />
  <Item Index="122" Name="Exquisite Ring" Items="Opal Ring x 1." />
  <Item Index="123" Name="Feathered Boots" Items="Winged Boots x 1." />
  <Item Index="124" Name="Forgotten Grimoire" Items="Mage's Monograph." />
  <Item Index="125" Name="Forgotten Grimoire" Items="Warmage's Monograph." />
  <Item Index="126" Name="Forgotten Grimoire" Items="Scholar's Monograph." />
  <Item Index="127" Name="Morbid Urn" Items="Canopic Jar." />
</BazaarGoods> 䀠 ﻿<?xml version="1.0" encoding="utf-8" ?>
