<Bestiary>
  <Category Name="The Dalmasca Sands">
    <Item Index="0" Name="Cactoid" Need="4" />
    <Item Index="1" Name="Ichthon" Need="10" />
    <Item Index="2" Name="Wolf" Need="16" />
    <Item Index="3" Name="Wild Saurian" Need="7" />
    <Item Index="4" Name="Cockatrice" Need="10" />
    <Item Index="5" Name="Gnoma Entite" Need="3" />
    <Item Index="6" Name="Dive Talon" Need="7" />
  </Category>
  <Category Name="Giza Plains">
    <Item Index="7" Name="Hyena" Need="16" />
    <Item Index="8" Name="Wooly Gator" Need="8" />
    <Item Index="9" Name="Happy Bunny" Need="12" />
    <Item Index="10" Name="Great Tortoise" Need="7" />
    <Item Index="11" Name="Sleipnir" Need="8" />
    <Item Index="12" Name="Silicon Tortoise" Need="7" />
    <Item Index="13" Name="Wildsnake" Need="10" />
    <Item Index="14" Name="Werewolf" Need="11" />
    <Item Index="15" Name="Urstrix" Need="11" />
    <Item Index="16" Name="Storm Elemental" Need="3" />
    <Item Index="17" Name="Slaven" Need="7" />
    <Item Index="18" Name="Mardu Entite" Need="3" />
  </Category>
  <Category Name="The Garamsythe Waterway">
    <Item Index="19" Name="Dire Rat" Need="6" />
    <Item Index="20" Name="Baritine Croc" Need="8" />
    <Item Index="21" Name="Gigantoad" Need="14" />
    <Item Index="22" Name="Malboro Overking" Need="11" />
    <Item Index="23" Name="Garchimacera" Need="7" />
    <Item Index="24" Name="Gespenst" Need="6" />
    <Item Index="25" Name="Ghost" Need="7" />
    <Item Index="26" Name="Water Elemental" Need="3" />
  </Category>
  <Category Name="The Barheim Passage">
    <Item Index="27" Name="Steeling" Need="14" />
    <Item Index="28" Name="Suriander" Need="14" />
    <Item Index="29" Name="Mimic" Need="8" />
    <Item Index="30" Name="Zombie" Need="12" />
    <Item Index="31" Name="Tiny Mimic" Need="8" />
    <Item Index="32" Name="Skeleton" Need="13" />
    <Item Index="34" Name="Specter" Need="7" />
    <Item Index="36" Name="Mimeo" Need="8" />
    <Item Index="37" Name="Flan" Need="9" />
    <Item Index="38" Name="Skull Defender" Need="13" />
    <Item Index="39" Name="Bomb" Need="7" />
    <Item Index="40" Name="Dead Bones" Need="13" />
  </Category>
  <Category Name="The Lhusu Mines">
    <Item Index="41" Name="Vampyr" Need="14" />
    <Item Index="42" Name="Headless" Need="9" />
    <Item Index="43" Name="Killer Mantis" Need="9" />
    <Item Index="44" Name="Dullahan" Need="9" />
    <Item Index="45" Name="Bug" Need="8" />
    <Item Index="46" Name="Dark Lord" Need="13" />
    <Item Index="47" Name="Pandora" Need="8" />
    <Item Index="48" Name="Gazer" Need="6" />
  </Category>
  <Category Name="The Yensan Sandsea">
    <Item Index="49" Name="Alraune" Need="16" />
    <Item Index="50" Name="Danbania" Need="10" />
    <Item Index="51" Name="Axebeak" Need="10" />
    <Item Index="52" Name="Yensa" Need="5" />
    <Item Index="53" Name="Wyvern" Need="6" />
    <Item Index="54" Name="Salamand Entite" Need="3" />
  </Category>
  <Category Name="The Tomb of Raithwall">
    <Item Index="55" Name="Seeker" Need="14" />
    <Item Index="56" Name="Lost Soul" Need="13" />
    <Item Index="57" Name="Lesser Chimera" Need="10" />
    <Item Index="58" Name="Zombie Mage" Need="12" />
    <Item Index="59" Name="Skull Warrior" Need="13" />
    <Item Index="60" Name="Lich" Need="7" />
    <Item Index="61" Name="Ragoh" Need="8" />
    <Item Index="62" Name="Tallow" Need="9" />
  </Category>
  <Category Name="Ozmone Plain">
    <Item Index="63" Name="Mesmenir" Need="8" />
    <Item Index="64" Name="Chocobo" Need="9" />
    <Item Index="65" Name="Wu" Need="11" />
    <Item Index="66" Name="Zu" Need="7" />
    <Item Index="67" Name="Viper" Need="10" />
    <Item Index="68" Name="Zaghnal" Need="11" />
    <Item Index="69" Name="Hybrid Gator" Need="8" />
    <Item Index="70" Name="Sylphi Entite" Need="3" />
  </Category>
  <Category Name="Golmore Jungle">
    <Item Index="71" Name="Panther" Need="13" />
    <Item Index="72" Name="Treant" Need="7" />
    <Item Index="73" Name="Hellhound" Need="16" />
    <Item Index="74" Name="Diresaur" Need="7" />
    <Item Index="75" Name="Malboro" Need="11" />
    <Item Index="76" Name="Gargoyle" Need="7" />
    <Item Index="77" Name="Great Malboro" Need="11" />
  </Category>
  <Category Name="The Henne Mines">
    <Item Index="78" Name="Thunderbug" Need="8" />
    <Item Index="79" Name="Jelly" Need="9" />
    <Item Index="80" Name="Tyranorox" Need="7" />
    <Item Index="81" Name="Hecteyes" Need="9" />
    <Item Index="82" Name="Gizamaluk" Need="8" />
    <Item Index="83" Name="Etem" Need="6" />
    <Item Index="84" Name="Nightmare" Need="9" />
    <Item Index="85" Name="Necrofiend" Need="7" />
  </Category>
  <Category Name="Paramina Rift">
    <Item Index="86" Name="White Wolf" Need="16" />
    <Item Index="87" Name="Twintania" Need="8" />
    <Item Index="88" Name="Lizard" Need="14" />
    <Item Index="89" Name="Emperor Aevis" Need="8" />
    <Item Index="90" Name="Garuda-Egi" Need="7" />
    <Item Index="91" Name="Dark Skeleton" Need="13" />
    <Item Index="92" Name="Slaven Warder" Need="7" />
    <Item Index="93" Name="Skull Knight" Need="13" />
    <Item Index="94" Name="Yeti" Need="11" />
    <Item Index="95" Name="Ice Elemental" Need="3" />
    <Item Index="96" Name="Wild Onion" Need="16" />
    <Item Index="97" Name="Leshach Entite" Need="3" />
  </Category>
  <Category Name="The Stilshrine of Miriam">
    <Item Index="98" Name="Redmaw" Need="14" />
    <Item Index="99" Name="Zombie Warrior" Need="12" />
    <Item Index="100" Name="Blood Gigas" Need="9" />
    <Item Index="101" Name="Nightwalker" Need="6" />
    <Item Index="102" Name="Dragon Aevis" Need="8" />
    <Item Index="103" Name="Ghoul" Need="12" />
    <Item Index="104" Name="Darkmare" Need="9" />
    <Item Index="105" Name="Facer" Need="8" />
    <Item Index="106" Name="Balloon" Need="7" />
    <Item Index="108" Name="Oiling" Need="9" />
    <Item Index="110" Name="Ghast" Need="12" />
    <Item Index="111" Name="Crystalbug" Need="4" />
  </Category>
  <Category Name="The Mosphoran Highwaste">
    <Item Index="112" Name="Worgen" Need="16" />
    <Item Index="113" Name="Humbaba" Need="11" />
    <Item Index="114" Name="Python" Need="10" />
    <Item Index="115" Name="Ash Wyrm" Need="6" />
    <Item Index="116" Name="Vulture" Need="7" />
    <Item Index="117" Name="Clay Golem" Need="7" />
    <Item Index="118" Name="Slaven Wilder" Need="7" />
    <Item Index="119" Name="Fire Elemental" Need="3" />
  </Category>
  <Category Name="The Salikawood">
    <Item Index="120" Name="Wyrdhare" Need="12" />
    <Item Index="121" Name="Pumpkin Head" Need="16" />
    <Item Index="122" Name="Sprinter" Need="10" />
    <Item Index="123" Name="Malboro King" Need="11" />
    <Item Index="124" Name="Antares" Need="9" />
  </Category>
  <Category Name="Phon Coast">
    <Item Index="125" Name="Silver Lobo" Need="16" />
    <Item Index="126" Name="Mandragora" Need="16" />
    <Item Index="127" Name="Iguion" Need="14" />
    <Item Index="128" Name="Archaeosaur" Need="7" />
    <Item Index="129" Name="Pyrolisk" Need="7" />
    <Item Index="130" Name="Piranha" Need="10" />
    <Item Index="131" Name="Bagoly" Need="11" />
    <Item Index="132" Name="Air Elemental" Need="3" />
  </Category>
  <Category Name="Tchita Uplands">
    <Item Index="133" Name="Coeurl" Need="13" />
    <Item Index="134" Name="Feral Croc" Need="8" />
    <Item Index="135" Name="Serpent" Need="10" />
    <Item Index="136" Name="Earth Elemental" Need="3" />
  </Category>
  <Category Name="The Sochen Cave Palace">
    <Item Index="137" Name="Abysteel" Need="14" />
    <Item Index="138" Name="Imp" Need="7" />
    <Item Index="139" Name="Striker" Need="9" />
    <Item Index="140" Name="Pit Fiend" Need="7" />
    <Item Index="141" Name="Wendigo" Need="9" />
    <Item Index="142" Name="Zombie Knight" Need="12" />
    <Item Index="143" Name="Gorgimera" Need="10" />
    <Item Index="144" Name="Focalor" Need="10" />
  </Category>
  <Category Name="The Feywood">
    <Item Index="145" Name="Cerberus" Need="16" />
    <Item Index="146" Name="Deadly Nightshade" Need="16" />
    <Item Index="147" Name="Mu" Need="12" />
    <Item Index="148" Name="Mandragora Prince" Need="16" />
    <Item Index="149" Name="Basilisk" Need="10" />
    <Item Index="150" Name="Alraune King" Need="16" />
    <Item Index="151" Name="Behemoth" Need="11" />
    <Item Index="152" Name="Onion Queen" Need="16" />
    <Item Index="153" Name="Preying Mantis" Need="9" />
    <Item Index="154" Name="Pumpkin Star" Need="16" />
    <Item Index="155" Name="Golem" Need="7" />
    <Item Index="156" Name="Topstalk" Need="16" />
    <Item Index="157" Name="Mirrorknight" Need="11" />
    <Item Index="158" Name="Holy Elemental" Need="3" />
    <Item Index="159" Name="Tartarus" Need="16" />
  </Category>
  <Category Name="The Ancient City of Giruvegan">
    <Item Index="160" Name="Ose" Need="13" />
    <Item Index="161" Name="Shadonir" Need="8" />
    <Item Index="162" Name="Giruveganus" Need="7" />
    <Item Index="163" Name="Skulwyrm" Need="8" />
    <Item Index="164" Name="Vivian" Need="11" />
    <Item Index="165" Name="Forbidden" Need="12" />
    <Item Index="166" Name="Gargoyle Baron" Need="7" />
    <Item Index="167" Name="Reaper" Need="6" />
    <Item Index="168" Name="Mom Bomb" Need="7" />
    <Item Index="169" Name="Mythril Golem" Need="7" />
    <Item Index="170" Name="Necrophobe" Need="7" />
    <Item Index="171" Name="Diakon Entite" Need="3" />
  </Category>
  <Category Name="The Ridorana Cataract">
    <Item Index="172" Name="Deathclaw" Need="9" />
    <Item Index="173" Name="Cassie" Need="11" />
  </Category>
  <Category Name="The Pharos">
    <Item Index="174" Name="Abaddon" Need="14" />
    <Item Index="175" Name="Chimera Brain" Need="10" />
    <Item Index="176" Name="Bune" Need="9" />
    <Item Index="177" Name="Magick Pot" Need="3" />
    <Item Index="178" Name="Reaver" Need="11" />
    <Item Index="179" Name="Crusader" Need="13" />
    <Item Index="180" Name="Aeronite" Need="6" />
    <Item Index="181" Name="Dragon Lich" Need="8" />
    <Item Index="182" Name="Cataract Aevis" Need="8" />
    <Item Index="183" Name="Brainpan" Need="8" />
    <Item Index="184" Name="Purobolos" Need="7" />
    <Item Index="185" Name="Deidar" Need="8" />
    <Item Index="186" Name="Mistmare" Need="9" />
    <Item Index="187" Name="Undin Entite" Need="3" />
  </Category>
  <Category Name="Zertinan Caverns">
    <Item Index="188" Name="Speartongue" Need="14" />
    <Item Index="189" Name="Grenade" Need="7" />
    <Item Index="190" Name="Scythe Mantis" Need="9" />
    <Item Index="191" Name="Slime" Need="9" />
    <Item Index="192" Name="Archaeoaevis" Need="8" />
    <Item Index="193" Name="Bogey" Need="7" />
    <Item Index="194" Name="Mallicant" Need="9" />
    <Item Index="195" Name="Shambling Corpse" Need="12" />
    <Item Index="196" Name="Buer" Need="7" />
  </Category>
  <Category Name="Cerobi Steppe">
    <Item Index="197" Name="Adamantitan" Need="7" />
    <Item Index="198" Name="Charybterix" Need="7" />
    <Item Index="199" Name="Bandercoeurl" Need="13" />
    <Item Index="200" Name="Shield Wyrm" Need="6" />
  </Category>
  <Category Name="The Nabreus Deadlands">
    <Item Index="201" Name="Emeralditan" Need="7" />
    <Item Index="202" Name="Leynir" Need="8" />
    <Item Index="203" Name="Banshee" Need="12" />
    <Item Index="204" Name="Leamonde Entite" Need="3" />
    <Item Index="205" Name="Foobar" Need="9" />
  </Category>
  <Category Name="The Necrohol of Nabudis">
    <Item Index="206" Name="Oversoul" Need="6" />
    <Item Index="207" Name="Babil" Need="7" />
    <Item Index="208" Name="Elvoret" Need="7" />
    <Item Index="209" Name="Dark Elemental" Need="3" />
    <Item Index="210" Name="Zombie Warlock" Need="12" />
  </Category>
  <Category Name="Humanoids">
    <Item Index="372" Name="Seeq" Need="11" />
    <Item Index="373" Name="Urutan-Yensa" Need="29" />
    <Item Index="374" Name="Garif" Need="11" />
    <Item Index="375" Name="Baknamy" Need="29" />
    <Item Index="376" Name="Bangaa" Need="11" />
  </Category>
  <Category Name="Rare Game">
    <Item Index="292" Name="Aspidochelon" Need="2" />
    <Item Index="293" Name="Aerieel" Need="2" />
    <Item Index="294" Name="Thalassinon" Need="2" />
    <Item Index="295" Name="Anubys" Need="2" />
    <Item Index="296" Name="Greeden" Need="2" />
    <Item Index="297" Name="Barmuu" Need="2" />
    <Item Index="298" Name="Bull Croc" Need="2" />
    <Item Index="299" Name="Vishno" Need="2" />
    <Item Index="300" Name="Gavial" Need="2" />
    <Item Index="301" Name="Etherian" Need="2" />
    <Item Index="302" Name="Wary Wolf" Need="2" />
    <Item Index="303" Name="Melt" Need="2" />
    <Item Index="304" Name="Kaiser Wolf" Need="2" />
    <Item Index="305" Name="Cubus" Need="2" />
    <Item Index="306" Name="Lindbur Wolf" Need="2" />
    <Item Index="307" Name="Pineapple" Need="2" />
    <Item Index="308" Name="Dreadguard" Need="2" />
    <Item Index="309" Name="Bombshell" Need="2" />
    <Item Index="310" Name="Crypt Bunny" Need="2" />
    <Item Index="311" Name="Megabomb" Need="2" />
    <Item Index="312" Name="Spee" Need="2" />
    <Item Index="313" Name="Matriarch Bomb" Need="2" />
    <Item Index="314" Name="Rain Dancer" Need="2" />
    <Item Index="315" Name="Ripe Rampager" Need="2" />
    <Item Index="316" Name="Razorfin" Need="2" />
    <Item Index="317" Name="Killbug" Need="2" />
    <Item Index="318" Name="Apsara" Need="2" />
    <Item Index="319" Name="Minibug" Need="2" />
    <Item Index="320" Name="Rageclaw" Need="2" />
    <Item Index="321" Name="Ithuno" Need="2" />
    <Item Index="322" Name="Biding Mantis" Need="2" />
    <Item Index="323" Name="Kris" Need="2" />
    <Item Index="324" Name="Wood Toad" Need="2" />
    <Item Index="325" Name="Dheed" Need="2" />
    <Item Index="326" Name="Tarasque" Need="2" />
    <Item Index="327" Name="Aeros" Need="2" />
    <Item Index="328" Name="Grimalkin" Need="2" />
    <Item Index="329" Name="Terror Tyrant" Need="2" />
    <Item Index="330" Name="Nekhbet" Need="2" />
    <Item Index="331" Name="Abelisk" Need="2" />
    <Item Index="332" Name="Glaring Eye" Need="2" />
    <Item Index="333" Name="Dustia" Need="2" />
    <Item Index="334" Name="Cultsworn Lich" Need="2" />
    <Item Index="335" Name="Ishteen" Need="2" />
    <Item Index="336" Name="Evil Spirit" Need="2" />
    <Item Index="337" Name="Vorres" Need="2" />
    <Item Index="338" Name="Juggernaut" Need="2" />
    <Item Index="339" Name="Negalmuur" Need="2" />
    <Item Index="340" Name="Molen" Need="2" />
    <Item Index="341" Name="Larva Eater" Need="2" />
    <Item Index="342" Name="Tower" Need="2" />
    <Item Index="343" Name="Arioch" Need="2" />
    <Item Index="344" Name="Grey Molter" Need="2" />
    <Item Index="345" Name="Fideliant" Need="2" />
    <Item Index="346" Name="Midgardsormr" Need="2" />
    <Item Index="347" Name="Crystal Knight" Need="2" />
    <Item Index="348" Name="Nazarnir" Need="2" />
    <Item Index="349" Name="Grave Lord" Need="2" />
    <Item Index="350" Name="Victanir" Need="2" />
    <Item Index="351" Name="Zombie Lord" Need="2" />
    <Item Index="352" Name="Gemhorn" Need="2" />
    <Item Index="353" Name="Drowned" Need="2" />
    <Item Index="354" Name="Luxollid" Need="2" />
    <Item Index="355" Name="Velelu" Need="2" />
    <Item Index="356" Name="Vagrant Soul" Need="2" />
    <Item Index="357" Name="Disma" Need="2" />
    <Item Index="358" Name="Imdugud" Need="2" />
    <Item Index="359" Name="Ancbolder" Need="2" />
    <Item Index="360" Name="Bull Chocobo" Need="2" />
    <Item Index="361" Name="Wendice" Need="2" />
    <Item Index="362" Name="Skullash" Need="2" />
    <Item Index="363" Name="Anchag" Need="2" />
    <Item Index="364" Name="Myath" Need="2" />
    <Item Index="365" Name="Bluesang" Need="2" />
    <Item Index="366" Name="Helvinek" Need="2" />
    <Item Index="367" Name="Avenger" Need="2" />
    <Item Index="368" Name="Pallicant" Need="2" />
    <Item Index="369" Name="Alteci" Need="2" />
    <Item Index="370" Name="Phyllo" Need="2" />
    <Item Index="371" Name="Urutan Exile" Need="2" />
  </Category>
</Bestiary>