<?xml version="1.0" encoding="utf-8" ?>
<Characters>
  <!-- The DefaultGambitData attribute is in Base64 format. -->
  <Item ID="0" Name="Vaan" IsGuest="false" UsesLicenses="true" DefaultEquipmentIDs="4206;65535;4316;4376;65535" DefaultGambitBits="1" DefaultGambitData="AGCWAP//////////////////////////////////////////////////////////" />
  <Item ID="1" Name="Ashe" IsGuest="false" UsesLicenses="true" DefaultEquipmentIDs="4098;4298;4359;4419;4442" DefaultGambitBits="3" DefaultGambitData="tWBSAAFglgD/////////////////////////////////////////////////////" />
  <Item ID="2" Name="Fran" IsGuest="false" UsesLicenses="true" DefaultEquipmentIDs="4162;4484;4317;4377;65535" DefaultGambitBits="3" DefaultGambitData="AGCWAAFglgD/////////////////////////////////////////////////////" />
  <Item ID="3" Name="Balthier" IsGuest="false" UsesLicenses="true" DefaultEquipmentIDs="4183;4500;4317;4377;65535" DefaultGambitBits="3" DefaultGambitData="o2CeAAFglgD/////////////////////////////////////////////////////" />
  <Item ID="4" Name="Basch" IsGuest="false" UsesLicenses="true" DefaultEquipmentIDs="4264;65535;4359;4419;65535" DefaultGambitBits="3" DefaultGambitData="AGCWAAFglgD/////////////////////////////////////////////////////" />
  <Item ID="5" Name="Penelo" IsGuest="false" UsesLicenses="true" DefaultEquipmentIDs="4206;65535;4337;4397;65535" DefaultGambitBits="1" DefaultGambitData="AGCWAP//////////////////////////////////////////////////////////" />
  <Item ID="6" Name="Reks" IsGuest="true" UsesLicenses="true" DefaultEquipmentIDs="4256;4298;4316;4376;65535" DefaultGambitBits="0" DefaultGambitData="////////////////////////////////////////////////////////////////" />
  <Item ID="7" Name="Amalia" IsGuest="true" UsesLicenses="false" DefaultEquipmentIDs="4098;4298;4359;4419;4442" DefaultGambitBits="3" DefaultGambitData="tWAAAAFglgD/////////////////////////////////////////////////////" />
  <Item ID="8" Name="Basch (Topless)" IsGuest="true" UsesLicenses="false" DefaultEquipmentIDs="4096;65535;65535;65535;65535" DefaultGambitBits="3" DefaultGambitData="AGCWAAFglgD/////////////////////////////////////////////////////" />
  <Item ID="9" Name="Basch (Dark suit)" IsGuest="true" UsesLicenses="false" DefaultEquipmentIDs="4263;65535;4359;4419;65535" DefaultGambitBits="3" DefaultGambitData="AGCWAAFglgD/////////////////////////////////////////////////////" />
  <Item ID="10" Name="Lamont" IsGuest="true" UsesLicenses="false" DefaultEquipmentIDs="4564;4565;4340;4400;4438" DefaultGambitBits="255" DefaultGambitData="t2AEALVgAAB7YFIABGCWAAFglgCjYAMAo2ABAKNgAgD/////////////////////" />
  <Item ID="11" Name="Vossler (Imperial)" IsGuest="true" UsesLicenses="false" DefaultEquipmentIDs="4262;65535;4360;4420;4453" DefaultGambitBits="63" DefaultGambitData="WmCqAABglgAEYJYABWCWAAFglgACYJYA////////////////////////////////" />
  <Item ID="12" Name="Vossler (Resistance)" IsGuest="true" UsesLicenses="false" DefaultEquipmentIDs="4265;65535;4363;4423;4453" DefaultGambitBits="127" DefaultGambitData="WmCqAABglgAEYJYABWCWAAFglgACYJYAo2BYAP//////////////////////////" />
  <Item ID="13" Name="Larsa" IsGuest="true" UsesLicenses="false" DefaultEquipmentIDs="4260;4565;4343;4403;4438" DefaultGambitBits="255" DefaultGambitData="tWAEAHtgUgAAYJYAAWCWAAJglgCjYAMAo2ABAKNgAgD/////////////////////" />
  <Item ID="14" Name="Reddas" IsGuest="true" UsesLicenses="false" DefaultEquipmentIDs="4261;4581;4372;4432;4459" DefaultGambitBits="1023" DefaultGambitData="AGCWAAVglgAEYJYAAWCWAAJglgCjYA8Ao2BhAKNgWQCjYFoAf2BpAP//////////" />
  <Item ID="26" Name="Chocobo" IsGuest="true" UsesLicenses="false" DefaultEquipmentIDs="4096;65535;65535;65535;65535" DefaultGambitBits="0" DefaultGambitData="////////////////////////////////////////////////////////////////" />
  <Item ID="27" Name="Belias" IsGuest="true" UsesLicenses="false" DefaultEquipmentIDs="4275;65535;65535;4640;65535" DefaultGambitBits="15" DefaultGambitData="/2C3AFFgtgABYJYAsGAEAP//////////////////////////////////////////" />
  <Item ID="28" Name="Mateus" IsGuest="true" UsesLicenses="false" DefaultEquipmentIDs="4276;65535;65535;4641;65535" DefaultGambitBits="15" DefaultGambitData="/2C5AFNguAABYJYAsGAEAP//////////////////////////////////////////" />
  <Item ID="29" Name="Adrammelech" IsGuest="true" UsesLicenses="false" DefaultEquipmentIDs="4277;65535;65535;4642;65535" DefaultGambitBits="15" DefaultGambitData="/2C7AFJgugABYJYAsGAEAP//////////////////////////////////////////" />
  <Item ID="30" Name="Hashmal" IsGuest="true" UsesLicenses="false" DefaultEquipmentIDs="4278;65535;65535;4643;65535" DefaultGambitBits="15" DefaultGambitData="/2C9AFRgvAABYJYAsGALAP//////////////////////////////////////////" />
  <Item ID="31" Name="Cuchulainn" IsGuest="true" UsesLicenses="false" DefaultEquipmentIDs="4279;65535;65535;4644;65535" DefaultGambitBits="31" DefaultGambitData="/2C/AFlglgABYL4AAWCWALBgCwD/////////////////////////////////////" />
  <Item ID="32" Name="Famfrit" IsGuest="true" UsesLicenses="false" DefaultEquipmentIDs="4280;65535;65535;4645;65535" DefaultGambitBits="15" DefaultGambitData="/2DBAFVgwAABYJYAsGAOAP//////////////////////////////////////////" />
  <Item ID="33" Name="Zalera" IsGuest="true" UsesLicenses="false" DefaultEquipmentIDs="4281;65535;65535;4646;65535" DefaultGambitBits="15" DefaultGambitData="/2DDAAFgwgABYJYAsGAEAP//////////////////////////////////////////" />
  <Item ID="34" Name="Shemhazai" IsGuest="true" UsesLicenses="false" DefaultEquipmentIDs="4282;4555;65535;4647;65535" DefaultGambitBits="15" DefaultGambitData="/2DFAAFgxAABYJYAsGALAP//////////////////////////////////////////" />
  <Item ID="35" Name="Chaos" IsGuest="true" UsesLicenses="false" DefaultEquipmentIDs="4283;65535;65535;4648;65535" DefaultGambitBits="15" DefaultGambitData="/2DHAFZgxgABYJYAsGAOAP//////////////////////////////////////////" />
  <Item ID="36" Name="Zeromus" IsGuest="true" UsesLicenses="false" DefaultEquipmentIDs="4284;65535;65535;4649;65535" DefaultGambitBits="7" DefaultGambitData="/2DJAAFgyAABYJYA////////////////////////////////////////////////" />
  <Item ID="37" Name="Exodus" IsGuest="true" UsesLicenses="false" DefaultEquipmentIDs="4285;65535;65535;4650;65535" DefaultGambitBits="15" DefaultGambitData="/2DLAAFgygABYJYAsGALAP//////////////////////////////////////////" />
  <Item ID="38" Name="Ultima" IsGuest="true" UsesLicenses="false" DefaultEquipmentIDs="4286;65535;65535;4651;65535" DefaultGambitBits="15" DefaultGambitData="/2DNAFdgzAABYJYAsGAOAP//////////////////////////////////////////" />
  <Item ID="39" Name="Zodiark" IsGuest="true" UsesLicenses="false" DefaultEquipmentIDs="4287;65535;65535;4652;65535" DefaultGambitBits="15" DefaultGambitData="/2DPAFhgzgABYJYAsGAOAP//////////////////////////////////////////" />
</Characters>