<?xml version="1.0" encoding="utf-8"?>
<Equipment>
  <Class Name="Weapon">
    <Group Name="Swords">
      <Item ID="4097" Name="Broadsword" />
      <Item ID="4098" Name="Longsword" />
      <Item ID="4099" Name="Iron Sword" />
      <Item ID="4100" Name="Zwill Blade" />
      <Item ID="4101" Name="Ancient Sword" />
      <Item ID="4102" Name="Blood Sword" />
      <Item ID="4103" Name="Lohengrin" />
      <Item ID="4104" Name="Flametongue" />
      <Item ID="4105" Name="Demonsbane" />
      <Item ID="4106" Name="Icebrand" />
      <Item ID="4107" Name="Platinum Sword" />
      <Item ID="4108" Name="Bastard Sword" />
      <Item ID="4109" Name="Diamond Sword" />
      <Item ID="4110" Name="Runeblade" />
      <Item ID="4111" Name="Deathbringer" />
      <Item ID="4112" Name="Stoneblade" />
      <Item ID="4113" Name="Durandal" />
      <Item ID="4256" Name="Mythril Sword" />
      <Item ID="4257" Name="Hero's Blade" />
      <Item ID="4260" Name="Joyeuse" />
      <Item ID="4261" Name="Chirijiraden" />
      <Item ID="4263" Name="Flimsy Blade" />
      <Item ID="4264" Name="Mythril Blade" />
      <Item ID="4273" Name="Trango Tower" />
      <Item ID="4288" Name="Blood Sword A" />
      <Item ID="4290" Name="Durandal A" />
    </Group>
    <Group Name="Great Swords">
      <Item ID="4114" Name="Claymore" />
      <Item ID="4115" Name="Defender" />
      <Item ID="4116" Name="Save the Queen" />
      <Item ID="4117" Name="Ragnarok" />
      <Item ID="4118" Name="Ultima Blade" />
      <Item ID="4119" Name="Excalibur" />
      <Item ID="4120" Name="Tournesol" />
      <Item ID="4258" Name="Treaty-Blade" />
      <Item ID="4259" Name="Sword of Kings" />
      <Item ID="4262" Name="Nightmare" />
      <Item ID="4265" Name="Nightmare" />
      <Item ID="4269" Name="Wyrmhero Blade" />
      <Item ID="4289" Name="Excalipoor" />
    </Group>
    <Group Name="Katana">
      <Item ID="4121" Name="Kotetsu" />
      <Item ID="4122" Name="Osafune" />
      <Item ID="4123" Name="Kogarasumaru" />
      <Item ID="4124" Name="Magoroku" />
      <Item ID="4125" Name="Murasame" />
      <Item ID="4126" Name="Kiku-ichimonji" />
      <Item ID="4127" Name="Yakei" />
      <Item ID="4128" Name="Ame-no-Murakumo" />
      <Item ID="4129" Name="Muramasa" />
      <Item ID="4130" Name="Masamune" />
      <Item ID="4266" Name="Masamune I" />
    </Group>
    <Group Name="Ninja Swords">
      <Item ID="4131" Name="Ashura" />
      <Item ID="4132" Name="Sakura-saezuri" />
      <Item ID="4133" Name="Kagenui" />
      <Item ID="4134" Name="Koga Blade" />
      <Item ID="4135" Name="Iga Blade" />
      <Item ID="4136" Name="Orochi" />
      <Item ID="4137" Name="Yagyu Darkblade" />
      <Item ID="4267" Name="Orochi N" />
    </Group>
    <Group Name="Spears">
      <Item ID="4138" Name="Javelin" />
      <Item ID="4139" Name="Spear" />
      <Item ID="4140" Name="Partisan" />
      <Item ID="4141" Name="Heavy Lance" />
      <Item ID="4142" Name="Storm Spear" />
      <Item ID="4143" Name="Obelisk" />
      <Item ID="4144" Name="Halberd" />
      <Item ID="4145" Name="Trident" />
      <Item ID="4146" Name="Holy Lance" />
      <Item ID="4147" Name="Gungnir" />
      <Item ID="4148" Name="Dragon Whisker" />
      <Item ID="4149" Name="Zodiac Spear" />
      <Item ID="4270" Name="Dragon Whisker L" />
    </Group>
    <Group Name="Poles">
      <Item ID="4150" Name="Oaken Pole" />
      <Item ID="4151" Name="Cypress Pole" />
      <Item ID="4152" Name="Battle Bamboo" />
      <Item ID="4153" Name="Musk Stick" />
      <Item ID="4154" Name="Iron Pole" />
      <Item ID="4155" Name="Six-fluted Pole" />
      <Item ID="4156" Name="Gokuu Pole" />
      <Item ID="4157" Name="Zephyr Pole" />
      <Item ID="4158" Name="Ivory Pole" />
      <Item ID="4159" Name="Sweep" />
      <Item ID="4160" Name="Eight-fluted Pole" />
      <Item ID="4161" Name="Whale Whisker" />
      <Item ID="4294" Name="Whale Whisker N" />
    </Group>
    <Group Name="Bows">
      <Item ID="4162" Name="Shortbow" />
      <Item ID="4163" Name="Silver Bow" />
      <Item ID="4164" Name="Aevis Killer" />
      <Item ID="4165" Name="Killer Bow" />
      <Item ID="4166" Name="Longbow" />
      <Item ID="4167" Name="Elfin Bow" />
      <Item ID="4168" Name="Loxley Bow" />
      <Item ID="4169" Name="Giant Stonebow" />
      <Item ID="4170" Name="Burning Bow" />
      <Item ID="4171" Name="Traitor's Bow" />
      <Item ID="4172" Name="Yoichi Bow" />
      <Item ID="4173" Name="Perseus Bow" />
      <Item ID="4174" Name="Artemis Bow" />
      <Item ID="4175" Name="Sagittarius" />
      <Item ID="4274" Name="Seitengrat" />
      <Item ID="4295" Name="Sagittarius A" />
    </Group>
    <Group Name="Crossbows">
      <Item ID="4176" Name="Bowgun" />
      <Item ID="4177" Name="Crossbow" />
      <Item ID="4178" Name="Paramina Crossbow" />
      <Item ID="4179" Name="Recurve Crossbow" />
      <Item ID="4180" Name="Hunting Crossbow" />
      <Item ID="4181" Name="Penetrator Crossbow" />
      <Item ID="4182" Name="Gastrophetes" />
      <Item ID="4272" Name="Gastrophetes S" />
    </Group>
    <Group Name="Guns">
      <Item ID="4183" Name="Altair" />
      <Item ID="4184" Name="Capella" />
      <Item ID="4185" Name="Vega" />
      <Item ID="4186" Name="Sirius" />
      <Item ID="4187" Name="Betelgeuse" />
      <Item ID="4188" Name="Ras Algethi" />
      <Item ID="4189" Name="Aldebaran" />
      <Item ID="4190" Name="Spica" />
      <Item ID="4191" Name="Antares" />
      <Item ID="4192" Name="Arcturus" />
      <Item ID="4193" Name="Fomalhaut" />
      <Item ID="4293" Name="Aldebaran Y" />
    </Group>
    <Group Name="Axes">
      <Item ID="4194" Name="Handaxe" />
      <Item ID="4195" Name="Broadaxe" />
      <Item ID="4196" Name="Slasher" />
      <Item ID="4197" Name="Hammerhead" />
      <Item ID="4198" Name="Francisca" />
      <Item ID="4199" Name="Greataxe" />
      <Item ID="4200" Name="Golden Axe" />
    </Group>
    <Group Name="Hammers">
      <Item ID="4201" Name="Iron Hammer" />
      <Item ID="4202" Name="War Hammer" />
      <Item ID="4203" Name="Sledgehammer" />
      <Item ID="4204" Name="Morning Star" />
      <Item ID="4205" Name="Scorpion Tail" />
      <Item ID="4292" Name="Scorpion Tail F" />
    </Group>
    <Group Name="Daggers">
      <Item ID="4206" Name="Dagger" />
      <Item ID="4207" Name="Mage Masher" />
      <Item ID="4208" Name="Assassin's Dagger" />
      <Item ID="4209" Name="Chopper" />
      <Item ID="4210" Name="Main Gauche" />
      <Item ID="4211" Name="Gladius" />
      <Item ID="4212" Name="Avenger" />
      <Item ID="4213" Name="Orichalcum Dirk" />
      <Item ID="4214" Name="Platinum Dagger" />
      <Item ID="4215" Name="Zwill Crossblade" />
      <Item ID="4216" Name="Hunter's Blade" />
      <Item ID="4268" Name="Hunter's Blade F" />
    </Group>
    <Group Name="Rods">
      <Item ID="4217" Name="Rod" />
      <Item ID="4218" Name="Serpent Rod" />
      <Item ID="4219" Name="Healing Rod" />
      <Item ID="4220" Name="Gaia Rod" />
      <Item ID="4221" Name="Power Rod" />
      <Item ID="4222" Name="Empyrean Rod" />
      <Item ID="4223" Name="Holy Rod" />
      <Item ID="4224" Name="Rod of Faith" />
    </Group>
    <Group Name="Staves">
      <Item ID="4225" Name="Oak Staff" />
      <Item ID="4226" Name="Cherry Staff" />
      <Item ID="4227" Name="Wizard's Staff" />
      <Item ID="4228" Name="Flame Staff" />
      <Item ID="4229" Name="Storm Staff" />
      <Item ID="4230" Name="Glacial Staff" />
      <Item ID="4231" Name="Golden Staff" />
      <Item ID="4232" Name="Judicer's Staff" />
      <Item ID="4233" Name="Cloud Staff" />
      <Item ID="4234" Name="Staff of the Magi" />
    </Group>
    <Group Name="Maces">
      <Item ID="4235" Name="Mace" />
      <Item ID="4236" Name="Bronze Mace" />
      <Item ID="4237" Name="Bhuj" />
      <Item ID="4238" Name="Miter" />
      <Item ID="4239" Name="Thorned Mace" />
      <Item ID="4240" Name="Chaos Mace" />
      <Item ID="4241" Name="Doom Mace" />
      <Item ID="4242" Name="Zeus Mace" />
      <Item ID="4243" Name="Grand Mace" />
      <Item ID="4255" Name="Cudgel" />
      <Item ID="4271" Name="Bone of Byblos" />
    </Group>
    <Group Name="Measures">
      <Item ID="4244" Name="Gilt Measure" />
      <Item ID="4245" Name="Arc Scale" />
      <Item ID="4246" Name="Multiscale" />
      <Item ID="4247" Name="Cross Scale" />
      <Item ID="4248" Name="Caliper" />
      <Item ID="4249" Name="Euclid's Sextant" />
    </Group>
    <Group Name="Hand-bombs">
      <Item ID="4250" Name="Hornito" />
      <Item ID="4251" Name="Fumarole" />
      <Item ID="4252" Name="Tumulus" />
      <Item ID="4253" Name="Caldera" />
      <Item ID="4254" Name="Volcano" />
      <Item ID="4291" Name="Volcano T" />
    </Group>
    <Group Name="Reserves">
      <Item ID="4275" Name="Reserve-1" />
      <Item ID="4276" Name="Reserve-2" />
      <Item ID="4277" Name="Reserve-3" />
      <Item ID="4278" Name="Reserve-4" />
      <Item ID="4279" Name="Reserve-5" />
      <Item ID="4280" Name="Reserve-6" />
      <Item ID="4281" Name="Reserve-7" />
      <Item ID="4282" Name="Reserve-8" />
      <Item ID="4283" Name="Reserve-9" />
      <Item ID="4284" Name="Reserve-10" />
      <Item ID="4285" Name="Reserve-11" />
      <Item ID="4286" Name="Reserve-12" />
      <Item ID="4287" Name="Reserve-13" />
    </Group>
    <Group Name="Unsorted" NonInventory="true">
      <Item ID="4516" Name="Unarmed-1" />
      <Item ID="4517" Name="Unarmed-2" />
      <Item ID="4518" Name="Fang-1" />
      <Item ID="4519" Name="Fang-2" />
      <Item ID="4520" Name="Dragon's Fang" />
      <Item ID="4521" Name="Gil/ 1H Kotetsu" />
      <Item ID="4522" Name="Claw-1" />
      <Item ID="4523" Name="Claw-2" />
      <Item ID="4524" Name="Beak-1" />
      <Item ID="4525" Name="Beak-2" />
      <Item ID="4526" Name="Cutter-1" />
      <Item ID="4527" Name="Cutter-2" />
      <Item ID="4528" Name="Slap-1" />
      <Item ID="4529" Name="Slap-2" />
      <Item ID="4530" Name="Kick-1" />
      <Item ID="4531" Name="Kick-2" />
      <Item ID="4532" Name="Ram-1" />
      <Item ID="4533" Name="Ram-2" />
      <Item ID="4534" Name="Imperial Sabre" />
      <Item ID="4535" Name="Bushido Blade" />
      <Item ID="4536" Name="Luu's Sword" />
      <Item ID="4537" Name="Dalmascan Sabre" />
      <Item ID="4538" Name="Mandau" />
      <Item ID="4539" Name="Death Mask" />
      <Item ID="4540" Name="Military Gun" />
      <Item ID="4541" Name="Military Sword" />
      <Item ID="4542" Name="Military Greatsword" />
      <Item ID="4543" Name="Military Staff" />
      <Item ID="4544" Name="Ritter Shield" />
      <Item ID="4545" Name="Scutum" />
      <Item ID="4546" Name="Heavy Sipar" />
      <Item ID="4547" Name="Blood Balmung" />
      <Item ID="4548" Name="Ascalon" />
      <Item ID="4549" Name="Crimson Hrotti" />
      <Item ID="4550" Name="Dark Couse" />
      <Item ID="4551" Name="Fierce God's Rod" />
      <Item ID="4552" Name="Butcher's Blade" />
      <Item ID="4553" Name="Saw" />
      <Item ID="4554" Name="Eruytos' Bow" />
      <Item ID="4555" Name="Golden Shaft" />
      <Item ID="4556" Name="Ouster Lance" />
      <Item ID="4557" Name="Vulcan Lance" />
      <Item ID="4558" Name="Knife" />
      <Item ID="4559" Name="Chain" />
      <Item ID="4560" Name="Bone" />
      <Item ID="4561" Name="Cocytus" />
      <Item ID="4562" Name="Tree Branch" />
      <Item ID="4563" Name="Broad Sword" />
      <Item ID="4564" Name="Joyeuse" />
      <Item ID="4565" Name="Sword Breaker" />
      <Item ID="4566" Name="Judge Blade" />
      <Item ID="4567" Name="Judge Shield" />
      <Item ID="4568" Name="Phalanx" />
      <Item ID="4569" Name="Stinger" />
      <Item ID="4570" Name="Kalin Blade" />
      <Item ID="4571" Name="Genesis" />
      <Item ID="4572" Name="Blassty" />
      <Item ID="4573" Name="Deathtrap" />
      <Item ID="4574" Name="Mastadio Type" />
      <Item ID="4575" Name="Besrodio Type" />
      <Item ID="4576" Name="Garif's Blade" />
      <Item ID="4577" Name="Garif's Fan" />
      <Item ID="4578" Name="Chaos Blade" />
      <Item ID="4579" Name="Highway Star" />
      <Item ID="4580" Name="Decorative Sword" />
      <Item ID="4581" Name="Keen Throwing Knife" />
      <Item ID="4582" Name="Ugly Replica-1" />
      <Item ID="4583" Name="Orichalcum Replica" />
      <Item ID="4584" Name="Kotetsu Replica" />
      <Item ID="4585" Name="Ugly Replica-2" />
      <Item ID="4586" Name="Surge Hand" />
      <Item ID="4587" Name="Shockwave" />
      <Item ID="4588" Name="Buster Replica" />
      <Item ID="4589" Name="Fratani Replica" />
      <Item ID="4590" Name="Tomahawk" />
      <Item ID="4591" Name="Evil Tabar" />
      <Item ID="4592" Name="Silver Ridil" />
      <Item ID="4593" Name="Night Curtana" />
      <Item ID="4594" Name="Dainsleif" />
      <Item ID="4595" Name="L85 Cannon Barrel" />
      <Item ID="4596" Name="Caduceus" />
      <Item ID="4597" Name="Excalibur Replica" />
      <Item ID="4598" Name="Zantetsuken Replica" />
      <Item ID="4599" Name="Excalibur" />
      <Item ID="4600" Name="Sword of Kings" />
      <Item ID="4601" Name="Rook Laser" />
      <Item ID="4602" Name="Omega Laser" />
      <Item ID="4603" Name="Stone Strike" />
      <Item ID="4604" Name="Stop Strike" />
      <Item ID="4605" Name="Sleep Strike" />
      <Item ID="4606" Name="Confusion Strike" />
      <Item ID="4607" Name="Darkness Strike" />
      <Item ID="4608" Name="Poison Strike" />
      <Item ID="4609" Name="Silence Strike" />
      <Item ID="4610" Name="Slip Strike" />
      <Item ID="4611" Name="Disable Strike" />
      <Item ID="4612" Name="Immobilise Strike" />
      <Item ID="4613" Name="Slow Strike" />
      <Item ID="4614" Name="Virus Strike" />
      <Item ID="4615" Name="Berserk Strike" />
      <Item ID="4616" Name="Fire Fang" />
      <Item ID="4617" Name="Stone Fang" />
      <Item ID="4618" Name="Confusion Fang" />
      <Item ID="4619" Name="Poison Fang" />
      <Item ID="4620" Name="Virus Fang" />
      <Item ID="4621" Name="Thunder Claw" />
      <Item ID="4622" Name="Slip Claw" />
      <Item ID="4623" Name="Sleep Beak" />
      <Item ID="4624" Name="Time Beak" />
      <Item ID="4625" Name="Slow Beak" />
      <Item ID="4626" Name="Stop Cutter" />
      <Item ID="4627" Name="Disable Cutter" />
      <Item ID="4628" Name="Immobilise Cutter" />
      <Item ID="4629" Name="Sleep Slap" />
      <Item ID="4630" Name="Confusion Slap" />
      <Item ID="4631" Name="Oil Slap" />
      <Item ID="4632" Name="Slow Slap" />
      <Item ID="4633" Name="Fire Kick" />
      <Item ID="4634" Name="Thunder Kick" />
      <Item ID="4635" Name="Flame Ram" />
      <Item ID="4636" Name="Wind Ram" />
      <Item ID="4637" Name="Darkness Ram" />
      <Item ID="4638" Name="Oil Ram" />
      <Item ID="4639" Name="Slow Ram" />
      <Item ID="4640" Name="Reserve-14" />
      <Item ID="4641" Name="Reserve-15" />
      <Item ID="4642" Name="Reserve-16" />
      <Item ID="4643" Name="Reserve-17" />
      <Item ID="4644" Name="Reserve-18" />
      <Item ID="4645" Name="Reserve-19" />
      <Item ID="4646" Name="Reserve-20" />
      <Item ID="4647" Name="Reserve-21" />
      <Item ID="4648" Name="Reserve-22" />
      <Item ID="4649" Name="Reserve-23" />
      <Item ID="4650" Name="Reserve-24" />
      <Item ID="4651" Name="Reserve-25" />
      <Item ID="4652" Name="Reserve-26" />
    </Group>
  </Class>
  <Class Name="Ammunition">
    <Group Name="Arrows">
      <Item ID="4484" Name="Onion Arrows" />
      <Item ID="4485" Name="Parallel Arrows" />
      <Item ID="4486" Name="Fiery Arrows" />
      <Item ID="4487" Name="Bamboo Arrows" />
      <Item ID="4488" Name="Lightning Arrows" />
      <Item ID="4489" Name="Assassin's Arrows" />
      <Item ID="4490" Name="Icecloud Arrows" />
      <Item ID="4491" Name="Artemis Arrows" />
    </Group>
    <Group Name="Bolts">
      <Item ID="4492" Name="Onion Bolts" />
      <Item ID="4493" Name="Long Bolts" />
      <Item ID="4494" Name="Stone Bolts" />
      <Item ID="4495" Name="Lead Bolts" />
      <Item ID="4496" Name="Black Bolts" />
      <Item ID="4497" Name="Time Bolts" />
      <Item ID="4498" Name="Sapping Bolts" />
      <Item ID="4499" Name="Grand Bolts" />
    </Group>
    <Group Name="Shot">
      <Item ID="4500" Name="Onion Shot" />
      <Item ID="4501" Name="Silent Shot" />
      <Item ID="4502" Name="Aqua Shot" />
      <Item ID="4503" Name="Wyrmfire Shot" />
      <Item ID="4504" Name="Mud Shot" />
      <Item ID="4505" Name="Windslicer Shot" />
      <Item ID="4506" Name="Dark Shot" />
      <Item ID="4507" Name="Stone Shot" />
    </Group>
    <Group Name="Bombs">
      <Item ID="4508" Name="Onion Bombs" />
      <Item ID="4509" Name="Poison Bombs" />
      <Item ID="4510" Name="Stun Bombs" />
      <Item ID="4511" Name="Oil Bombs" />
      <Item ID="4512" Name="Chaos Bombs" />
      <Item ID="4513" Name="Stink Bombs" />
      <Item ID="4514" Name="Water Bombs" />
      <Item ID="4515" Name="Castellanos" />
    </Group>
  </Class>
  <Class Name="Armor">
    <Group Name="Shields">
      <Item ID="4296" Name="Gendarme" />
      <Item ID="4297" Name="Leather Shield" />
      <Item ID="4298" Name="Buckler" />
      <Item ID="4299" Name="Bronze Shield" />
      <Item ID="4300" Name="Round Shield" />
      <Item ID="4301" Name="Shell Shield" />
      <Item ID="4302" Name="Golden Shield" />
      <Item ID="4303" Name="Ice Shield" />
      <Item ID="4304" Name="Flame Shield" />
      <Item ID="4305" Name="Diamond Shield" />
      <Item ID="4306" Name="Platinum Shield" />
      <Item ID="4307" Name="Dragon Shield" />
      <Item ID="4308" Name="Crystal Shield" />
      <Item ID="4309" Name="Genji Shield" />
      <Item ID="4310" Name="Kaiser Shield" />
      <Item ID="4311" Name="Aegis Shield" />
      <Item ID="4312" Name="Demon Shield" />
      <Item ID="4313" Name="Venetian Shield" />
      <Item ID="4314" Name="Zodiac Escutcheon" />
      <Item ID="4315" Name="Ensanguined Shield" />
    </Group>
    <Group Name="Light Helms">
      <Item ID="4316" Name="Leather Cap" />
      <Item ID="4317" Name="Headgear" />
      <Item ID="4318" Name="Headguard" />
      <Item ID="4319" Name="Leather Headgear" />
      <Item ID="4320" Name="Horned Hat" />
      <Item ID="4321" Name="Balaclava" />
      <Item ID="4322" Name="Soldier's Cap" />
      <Item ID="4323" Name="Green Beret" />
      <Item ID="4324" Name="Red Cap" />
      <Item ID="4325" Name="Headband" />
      <Item ID="4326" Name="Pirate Hat" />
      <Item ID="4327" Name="Goggle Mask" />
      <Item ID="4328" Name="Adamant Hat" />
      <Item ID="4329" Name="Officer's Hat" />
      <Item ID="4330" Name="Chakra Band" />
      <Item ID="4331" Name="Thief's Cap" />
      <Item ID="4332" Name="Gigas Hat" />
      <Item ID="4333" Name="Chaperon" />
      <Item ID="4334" Name="Crown of Laurels" />
      <Item ID="4335" Name="Renewing Morion" />
      <Item ID="4336" Name="Dueling Mask" />
    </Group>
    <Group Name="Mystic Helms">
      <Item ID="4337" Name="Cotton Cap" />
      <Item ID="4338" Name="Magick Curch" />
      <Item ID="4339" Name="Pointy Hat" />
      <Item ID="4340" Name="Topkapi Hat" />
      <Item ID="4341" Name="Calot Hat" />
      <Item ID="4342" Name="Wizard's Hat" />
      <Item ID="4343" Name="Lambent Hat" />
      <Item ID="4344" Name="Feathered Cap" />
      <Item ID="4345" Name="Mage's Hat" />
      <Item ID="4346" Name="Lamia's Tiara" />
      <Item ID="4347" Name="Sorcerer's Hat" />
      <Item ID="4348" Name="Black Cowl" />
      <Item ID="4349" Name="Astrakhan Hat" />
      <Item ID="4350" Name="Gaia Hat" />
      <Item ID="4351" Name="Hypnocrown" />
      <Item ID="4352" Name="Gold Hairpin" />
      <Item ID="4353" Name="Celebrant's Miter" />
      <Item ID="4354" Name="Black Mask" />
      <Item ID="4355" Name="White Mask" />
      <Item ID="4356" Name="Golden Skullcap" />
      <Item ID="4357" Name="Circlet" />
    </Group>
    <Group Name="Heavy Helms">
      <Item ID="4358" Name="Leather Helm" />
      <Item ID="4359" Name="Bronze Helm" />
      <Item ID="4360" Name="Sallet" />
      <Item ID="4361" Name="Iron Helm" />
      <Item ID="4362" Name="Barbut" />
      <Item ID="4363" Name="Winged Helm" />
      <Item ID="4364" Name="Golden Helm" />
      <Item ID="4365" Name="Burgonet" />
      <Item ID="4366" Name="Close Helmet" />
      <Item ID="4367" Name="Bone Helm" />
      <Item ID="4368" Name="Diamond Helm" />
      <Item ID="4369" Name="Steel Mask" />
      <Item ID="4370" Name="Platinum Helm" />
      <Item ID="4371" Name="Giant's Helmet" />
      <Item ID="4372" Name="Dragon Helm" />
      <Item ID="4373" Name="Genji Helm" />
      <Item ID="4374" Name="Magepower Shishak" />
      <Item ID="4375" Name="Grand Helm" />
    </Group>
    <Group Name="Light Armor">
      <Item ID="4376" Name="Leather Clothing" />
      <Item ID="4377" Name="Chromed  Leathers" />
      <Item ID="4378" Name="Leather Breastplate" />
      <Item ID="4379" Name="Bronze Chestplate" />
      <Item ID="4380" Name="Ringmail" />
      <Item ID="4381" Name="Windbreaker" />
      <Item ID="4382" Name="Heavy Coat" />
      <Item ID="4383" Name="Survival Vest" />
      <Item ID="4384" Name="Brigandine" />
      <Item ID="4385" Name="Jujitsu Gi" />
      <Item ID="4386" Name="Viking Coat" />
      <Item ID="4387" Name="Metal Jerkin" />
      <Item ID="4388" Name="Adamant Vest" />
      <Item ID="4389" Name="Barrel Coat" />
      <Item ID="4390" Name="Power Vest" />
      <Item ID="4391" Name="Ninja Gear" />
      <Item ID="4392" Name="Gigas Chestplate" />
      <Item ID="4393" Name="Minerva Bustier" />
      <Item ID="4394" Name="Rubber Suit" />
      <Item ID="4395" Name="Mirage Vest" />
      <Item ID="4396" Name="Brave Suit" />
    </Group>
    <Group Name="Mystic Armor">
      <Item ID="4397" Name="Cotton Shirt" />
      <Item ID="4398" Name="Light Woven Shirt" />
      <Item ID="4399" Name="Silken Shirt" />
      <Item ID="4400" Name="Kilimweave Shirt" />
      <Item ID="4401" Name="Shepherd's Bolero" />
      <Item ID="4402" Name="Wizard's Robes" />
      <Item ID="4403" Name="Chanter's Djellaba" />
      <Item ID="4404" Name="Traveler's Vestment" />
      <Item ID="4405" Name="Mage's Habit" />
      <Item ID="4406" Name="Enchanter's Habit" />
      <Item ID="4407" Name="Sorcerer's Habit" />
      <Item ID="4408" Name="Black Garb" />
      <Item ID="4409" Name="Carmagnole" />
      <Item ID="4410" Name="Maduin Gear" />
      <Item ID="4411" Name="Jade Gown" />
      <Item ID="4412" Name="Gaia Gear" />
      <Item ID="4413" Name="Cleric's Robes" />
      <Item ID="4414" Name="White Robes" />
      <Item ID="4415" Name="Black Robes" />
      <Item ID="4416" Name="Glimmering Robes" />
      <Item ID="4417" Name="Lordly Robes" />
    </Group>
    <Group Name="Heavy Armor">
      <Item ID="4418" Name="Leather Armor" />
      <Item ID="4419" Name="Bronze Armor" />
      <Item ID="4420" Name="Scale Armor" />
      <Item ID="4421" Name="Iron Armor" />
      <Item ID="4422" Name="Linen Cuirass" />
      <Item ID="4423" Name="Chainmail" />
      <Item ID="4424" Name="Golden Armor" />
      <Item ID="4425" Name="Shielded Armor" />
      <Item ID="4426" Name="Demon Mail" />
      <Item ID="4427" Name="Bone Mail" />
      <Item ID="4428" Name="Diamond Armor" />
      <Item ID="4429" Name="Mirror Mail" />
      <Item ID="4430" Name="Platinum Armor" />
      <Item ID="4431" Name="Carabineer Mail" />
      <Item ID="4432" Name="Dragon Mail" />
      <Item ID="4433" Name="Genji Armor" />
      <Item ID="4434" Name="Maximillian" />
      <Item ID="4435" Name="Grand Armor" />
    </Group>
  </Class>
  <Class Name="Accessory">
    <Group Name="Accessory">
      <Item ID="4436" Name="Opal Ring" />
      <Item ID="4437" Name="Ruby Ring" />
      <Item ID="4438" Name="Tourmaline Ring" />
      <Item ID="4439" Name="Sage's Ring" />
      <Item ID="4440" Name="Ring of Renewal" />
      <Item ID="4441" Name="Agate Ring" />
      <Item ID="4442" Name="Bangle" />
      <Item ID="4443" Name="Orrachea Armlet" />
      <Item ID="4444" Name="Power Armlet" />
      <Item ID="4445" Name="Argyle Armlet" />
      <Item ID="4446" Name="Diamond Armlet" />
      <Item ID="4447" Name="Amber Armlet" />
      <Item ID="4448" Name="Armguard" />
      <Item ID="4449" Name="Magick Gloves" />
      <Item ID="4450" Name="Thief's Cuffs" />
      <Item ID="4451" Name="Blazer Gloves" />
      <Item ID="4452" Name="Genji Gloves" />
      <Item ID="4453" Name="Gauntlets" />
      <Item ID="4454" Name="Turtleshell Choker" />
      <Item ID="4455" Name="Nihopalaoa" />
      <Item ID="4456" Name="Embroidered Tippet" />
      <Item ID="4457" Name="Leather Gorget" />
      <Item ID="4458" Name="Jade Collar" />
      <Item ID="4459" Name="Steel Gorget" />
      <Item ID="4460" Name="Rose Corsage" />
      <Item ID="4461" Name="Pheasant Netsuke" />
      <Item ID="4462" Name="Indigo Pendant" />
      <Item ID="4463" Name="Golden Amulet" />
      <Item ID="4464" Name="Bowline Sash" />
      <Item ID="4465" Name="Firefly" />
      <Item ID="4466" Name="Sash" />
      <Item ID="4467" Name="Bubble Belt" />
      <Item ID="4468" Name="Cameo Belt" />
      <Item ID="4469" Name="Nishijin Belt" />
      <Item ID="4470" Name="Black Belt" />
      <Item ID="4471" Name="Battle Harness" />
      <Item ID="4472" Name="Jackboots" />
      <Item ID="4473" Name="Hermes Sandals" />
      <Item ID="4474" Name="Gillie Boots" />
      <Item ID="4475" Name="Steel Poleyns" />
      <Item ID="4476" Name="Winged Boots" />
      <Item ID="4477" Name="Quasimodo Boots" />
      <Item ID="4478" Name="Manufacted Nethicite" />
      <Item ID="4479" Name="Cat-ear Hood" />
      <Item ID="4480" Name="Fuzzy Miter" />
      <Item ID="4481" Name="Ribbon" />
      <Item ID="4482" Name="Goddess's Magicite" />
      <Item ID="4483" Name="Dawn Shard" />
    </Group>
  </Class>
</Equipment>