﻿<?xml version="1.0" encoding="utf-8" ?>
<GambitActions>
  <Group Name="Misc">
    <Item ID="150" Name="Attack" />
    <Item ID="146" Name="Do nothing." />
    <Item ID="275" Name="Dismiss" />
  </Group>
  <Group Name="Magicks">
    <Group Name="White Magicks">
      <Item ID="0" Name="Cure" />
      <Item ID="1" Name="Blindna" />
      <Item ID="2" Name="Vox" />
      <Item ID="3" Name="Poisona" />
      <Item ID="4" Name="Cura" />
      <Item ID="5" Name="Raise" />
      <Item ID="6" Name="Curaga" />
      <Item ID="7" Name="Stona" />
      <Item ID="8" Name="Regen" />
      <Item ID="9" Name="Cleanse" />
      <Item ID="10" Name="Esuna" />
      <Item ID="11" Name="Curaja" />
      <Item ID="12" Name="Dispel" />
      <Item ID="13" Name="Dispelga" />
      <Item ID="14" Name="Renew" />
      <Item ID="15" Name="Arise" />
      <Item ID="16" Name="Esunaga" />
      <Item ID="17" Name="Holy" />
      <Item ID="51" Name="Protect" />
      <Item ID="52" Name="Shell" />
      <Item ID="53" Name="Bravery" />
      <Item ID="54" Name="Faith" />
      <Item ID="55" Name="Protectga" />
      <Item ID="56" Name="Shellga" />
      <Item ID="69" Name="Confuse" />
    </Group>
    <Group Name="Black Magicks">
      <Item ID="18" Name="Fire" />
      <Item ID="19" Name="Thunder" />
      <Item ID="20" Name="Blizzard" />
      <Item ID="21" Name="Water" />
      <Item ID="22" Name="Aero" />
      <Item ID="23" Name="Fira" />
      <Item ID="24" Name="Thundara" />
      <Item ID="25" Name="Blizzara" />
      <Item ID="26" Name="Bio" />
      <Item ID="27" Name="Aeroga" />
      <Item ID="28" Name="Firaga" />
      <Item ID="29" Name="Thundaga" />
      <Item ID="30" Name="Blizzaga" />
      <Item ID="31" Name="Shock" />
      <Item ID="32" Name="Scourge" />
      <Item ID="33" Name="Flare" />
      <Item ID="35" Name="Scathe" />
      <Item ID="57" Name="Blind" />
      <Item ID="59" Name="Poison" />
      <Item ID="60" Name="Silence" />
      <Item ID="61" Name="Sleep" />
      <Item ID="62" Name="Blindga" />
      <Item ID="63" Name="Toxify" />
      <Item ID="64" Name="Silencega" />
      <Item ID="65" Name="Sleepga" />
    </Group>
    <Group Name="Time Magicks">
      <Item ID="36" Name="Haste" />
      <Item ID="37" Name="Float" />
      <Item ID="38" Name="Hastega" />
      <Item ID="39" Name="Slow" />
      <Item ID="40" Name="Immobilize" />
      <Item ID="41" Name="Disable" />
      <Item ID="42" Name="Bleed" />
      <Item ID="43" Name="Break" />
      <Item ID="44" Name="Stop" />
      <Item ID="45" Name="Slowga" />
      <Item ID="46" Name="Countdown" />
      <Item ID="47" Name="Reflect" />
      <Item ID="48" Name="Reflectga" />
      <Item ID="49" Name="Balance" />
      <Item ID="50" Name="Warp" />
      <Item ID="67" Name="Berserk" />
      <Item ID="71" Name="Vanish" />
      <Item ID="72" Name="Vanishga" />
      <Item ID="79" Name="Gravity" />
      <Item ID="80" Name="Graviga" />
    </Group>
    <Group Name="Green Magicks">
      <Item ID="58" Name="Oil" />
      <Item ID="66" Name="Reverse" />
      <Item ID="70" Name="Decoy" />
      <Item ID="73" Name="Drain" />
      <Item ID="74" Name="Syphon" />
      <Item ID="75" Name="Bubble" />
    </Group>
    <Group Name="Arcane Magicks">
      <Item ID="34" Name="Ardor" />
      <Item ID="68" Name="Death" />
      <Item ID="76" Name="Dark" />
      <Item ID="77" Name="Darkra" />
      <Item ID="78" Name="Darkga" />
    </Group>
  </Group>
  <Group Name="Technicks">
    <Item ID="158" Name="First Aid" />
    <Item ID="159" Name="Shades of Black" />
    <Item ID="160" Name="Horology" />
    <Item ID="161" Name="Stamp" />
    <Item ID="162" Name="Achilles" />
    <Item ID="163" Name="Charge" />
    <Item ID="164" Name="Infuse" />
    <Item ID="165" Name="Souleater" />
    <Item ID="166" Name="Wither" />
    <Item ID="167" Name="Addle" />
    <Item ID="168" Name="Bonecrusher" />
    <Item ID="169" Name="Steal" />
    <Item ID="170" Name="Telekinesis" />
    <Item ID="171" Name="Expose" />
    <Item ID="172" Name="Shear" />
    <Item ID="173" Name="Charm" />
    <Item ID="174" Name="Revive" />
    <Item ID="175" Name="Sight Unseeing" />
    <Item ID="176" Name="Numerology" />
    <Item ID="177" Name="Libra" />
    <Item ID="178" Name="Poach" />
    <Item ID="179" Name="1000 Needles" />
    <Item ID="180" Name="Traveler" />
    <Item ID="181" Name="Gil Toss" />
  </Group>
  <Group Name="Items">
    <Item ID="82" Name="Potion" />
    <Item ID="83" Name="Hi-Potion" />
    <Item ID="84" Name="X-Potion" />
    <Item ID="85" Name="Ether" />
    <Item ID="86" Name="Hi-Ether" />
    <Item ID="87" Name="Elixir" />
    <Item ID="88" Name="Phoenix Down" />
    <Item ID="89" Name="Gold Needle" />
    <Item ID="90" Name="Echo Herbs" />
    <Item ID="91" Name="Antidote" />
    <Item ID="92" Name="Eye Drops" />
    <Item ID="93" Name="Alarm Clock" />
    <Item ID="94" Name="Handkerchief" />
    <Item ID="95" Name="Chronos Tear" />
    <Item ID="96" Name="Smelling Salts" />
    <Item ID="97" Name="Vaccine" />
    <Item ID="98" Name="Remedy" />
    <Item ID="99" Name="Red Fang" />
    <Item ID="100" Name="Blue Fang" />
    <Item ID="101" Name="White Fang" />
    <Item ID="102" Name="Bacchus's Wine" />
    <Item ID="103" Name="Megalixir" />
    <Item ID="104" Name="Baltoro's Seed" />
    <Item ID="105" Name="Spirit of Lowtown" />
    <Item ID="106" Name="Dark Energy" />
    <Item ID="107" Name="Meteorite" />
    <Item ID="108" Name="Meteorite" />
    <Item ID="109" Name="Meteorite" />
    <Item ID="110" Name="Meteorite" />
    <Item ID="124" Name="Reverse Mote" />
    <Item ID="125" Name="Dark Mote" />
    <Item ID="126" Name="Aero Mote" />
    <Item ID="127" Name="Water Mote" />
    <Item ID="128" Name="Bio Mote" />
    <Item ID="129" Name="Shock Mote" />
    <Item ID="130" Name="Holy Mote" />
    <Item ID="131" Name="Scathe Mote" />
    <Item ID="132" Name="Balance Mote" />
    <Item ID="133" Name="Gravity Mote" />
    <Item ID="134" Name="Cura Mote" />
    <Item ID="135" Name="Dispel Mote" />
    <Item ID="136" Name="Aeroga Mote" />
    <Item ID="137" Name="Warp Mote" />
    <Item ID="138" Name="Bubble Mote" />
    <Item ID="139" Name="Hastega Mote" />
    <Item ID="140" Name="Reflectga Mote" />
    <Item ID="141" Name="Vanishga Mote" />
    <Item ID="142" Name="Float Mote" />
    <Item ID="143" Name="Eksir Berries" />
    <Item ID="144" Name="Dark Matter" />
    <Item ID="145" Name="Knot of Rust" />
  </Group>
  <Group Name="Esper Technicks">
    <Item ID="182" Name="Painflare" />
    <Item ID="183" Name="Hellfire" />
    <Item ID="184" Name="Flash-Freeze" />
    <Item ID="185" Name="Frostwave" />
    <Item ID="186" Name="Flash Arc" />
    <Item ID="187" Name="Judgment Bolt" />
    <Item ID="188" Name="Roxxor" />
    <Item ID="189" Name="Gaia's Wrath" />
    <Item ID="190" Name="Malaise" />
    <Item ID="191" Name="Blight" />
    <Item ID="192" Name="Briny Cannonade" />
    <Item ID="193" Name="Tsunami" />
    <Item ID="194" Name="Kill" />
    <Item ID="195" Name="Condemnation" />
    <Item ID="196" Name="Devour Soul" />
    <Item ID="197" Name="Soul Purge" />
    <Item ID="198" Name="Whirlwind" />
    <Item ID="199" Name="Tornado" />
    <Item ID="200" Name="Gravity Well" />
    <Item ID="201" Name="Big Bang" />
    <Item ID="202" Name="Comet" />
    <Item ID="203" Name="Meteor" />
    <Item ID="204" Name="Redemption" />
    <Item ID="205" Name="Eschaton" />
    <Item ID="206" Name="Banish Ray" />
    <Item ID="207" Name="Final Eclipse" />
  </Group>
  <Group Name="Quickenings">
    <Item ID="208" Name="Red Spiral" />
    <Item ID="209" Name="White Whorl" />
    <Item ID="210" Name="Pyroclasm" />
    <Item ID="211" Name="Feral Strike" />
    <Item ID="212" Name="Whip Kick" />
    <Item ID="213" Name="Shatterheart" />
    <Item ID="214" Name="Fires of War" />
    <Item ID="215" Name="Tides of Fate" />
    <Item ID="216" Name="Element of Treachery" />
    <Item ID="217" Name="Fulminating Darkness" />
    <Item ID="218" Name="Ruin Impendent" />
    <Item ID="219" Name="Flame Purge" />
    <Item ID="220" Name="Northswain's Glow" />
    <Item ID="221" Name="Heaven's Wrath" />
    <Item ID="222" Name="Maelstrom's Bolt" />
    <Item ID="223" Name="Intercession" />
    <Item ID="224" Name="Evanescence" />
    <Item ID="225" Name="Resplendence" />
  </Group>
  <Group Name="Summons">
    <Item ID="262" Name="Belias" />
    <Item ID="263" Name="Mateus" />
    <Item ID="264" Name="Adrammelech" />
    <Item ID="265" Name="Hashmal" />
    <Item ID="266" Name="Cuchulainn" />
    <Item ID="267" Name="Famfrit" />
    <Item ID="268" Name="Zalera" />
    <Item ID="269" Name="Shemhazai" />
    <Item ID="270" Name="Chaos" />
    <Item ID="271" Name="Zeromus" />
    <Item ID="272" Name="Exodus" />
    <Item ID="273" Name="Ultima" />
    <Item ID="274" Name="Zodiark" />
  </Group>
</GambitActions>