﻿<?xml version="1.0" encoding="utf-8" ?>
<Gambits>
  <Group Name="Foe">
    <Item ID="24576" Name="Foe: party leader's target" />
    <Item ID="24577" Name="Foe: nearest visible" />
    <Item ID="24578" Name="Foe: any" />
    <Item ID="24579" Name="Foe: targeting leader" />
    <Item ID="24580" Name="Foe: targeting self" />
    <Item ID="24581" Name="Foe: targeting ally" />
    <Item ID="24582" Name="Foe: furthest" />
    <Item ID="24583" Name="Foe: nearest" />
    <Item ID="24584" Name="Foe: highest HP" />
    <Item ID="24585" Name="Foe: lowest HP" />
    <Item ID="24586" Name="Foe: highest max HP" />
    <Item ID="24587" Name="Foe: lowest max HP" />
    <Item ID="24588" Name="Foe: highest MP" />
    <Item ID="24589" Name="Foe: lowest MP" />
    <Item ID="24590" Name="Foe: highest max MP" />
    <Item ID="24591" Name="Foe: lowest max MP" />
    <Item ID="24592" Name="Foe: highest level" />
    <Item ID="24593" Name="Foe: lowest level" />
    <Item ID="24594" Name="Foe: highest strength" />
    <Item ID="24595" Name="Foe: lowest strength" />
    <Item ID="24596" Name="Foe: highest magick power" />
    <Item ID="24597" Name="Foe: lowest magick power" />
    <Item ID="24598" Name="Foe: highest speed" />
    <Item ID="24599" Name="Foe: lowest speed" />
    <Item ID="24600" Name="Foe: highest defence" />
    <Item ID="24601" Name="Foe: highest magick resist" />
    <Item ID="24602" Name="Foe: HP &gt;= 100,000" />
    <Item ID="24603" Name="Foe: HP &gt;= 50,000" />
    <Item ID="24604" Name="Foe: HP &gt;= 10,000" />
    <Item ID="24605" Name="Foe: HP &gt;= 5,000" />
    <Item ID="24606" Name="Foe: HP &gt;= 3,000" />
    <Item ID="24607" Name="Foe: HP &gt;= 2,000" />
    <Item ID="24608" Name="Foe: HP &gt;= 1,000" />
    <Item ID="24609" Name="Foe: HP &gt;= 500" />
    <Item ID="24610" Name="Foe: HP &lt; 100,000" />
    <Item ID="24611" Name="Foe: HP &lt; 50,000" />
    <Item ID="24612" Name="Foe: HP &lt; 10,000" />
    <Item ID="24613" Name="Foe: HP &lt; 5,000" />
    <Item ID="24614" Name="Foe: HP &lt; 3,000" />
    <Item ID="24615" Name="Foe: HP &lt; 2,000" />
    <Item ID="24616" Name="Foe: HP &lt; 1,000" />
    <Item ID="24617" Name="Foe: HP &lt; 500" />
    <Item ID="24618" Name="Foe: HP = 100%" />
    <Item ID="24619" Name="Foe: HP &gt;= 70%" />
    <Item ID="24620" Name="Foe: HP &gt;= 50%" />
    <Item ID="24621" Name="Foe: HP &gt;= 30%" />
    <Item ID="24622" Name="Foe: status = Petrify" />
    <Item ID="24623" Name="Foe: status = Stop" />
    <Item ID="24624" Name="Foe: status = Sleep" />
    <Item ID="24625" Name="Foe: status = Confuse" />
    <Item ID="24626" Name="Foe: status = Doom" />
    <Item ID="24627" Name="Foe: status = Blind" />
    <Item ID="24628" Name="Foe: status = Poison" />
    <Item ID="24629" Name="Foe: status = Silence" />
    <Item ID="24630" Name="Foe: status = Sap" />
    <Item ID="24631" Name="Foe: status = Oil" />
    <Item ID="24632" Name="Foe: status = Reverse" />
    <Item ID="24633" Name="Foe: status = Disable" />
    <Item ID="24634" Name="Foe: status = Immobilize" />
    <Item ID="24635" Name="Foe: status = Slow" />
    <Item ID="24636" Name="Foe: status = Disease" />
    <Item ID="24637" Name="Foe: status = Protect" />
    <Item ID="24638" Name="Foe: status = Shell" />
    <Item ID="24639" Name="Foe: status = Haste" />
    <Item ID="24640" Name="Foe: status = Bravery" />
    <Item ID="24641" Name="Foe: status = Faith" />
    <Item ID="24642" Name="Foe: status = Reflect" />
    <Item ID="24644" Name="Foe: status = Regen" />
    <Item ID="24646" Name="Foe: status = Berserk" />
    <Item ID="24647" Name="Foe: Distributed Attack" />
    <Item ID="24648" Name="Foe: status = HP Critical" />
    <Item ID="24649" Name="Foe: fire-weak" />
    <Item ID="24650" Name="Foe: lightning-weak" />
    <Item ID="24651" Name="Foe: ice-weak" />
    <Item ID="24652" Name="Foe: earth-weak" />
    <Item ID="24653" Name="Foe: water-weak" />
    <Item ID="24654" Name="Foe: wind-weak" />
    <Item ID="24655" Name="Foe: holy-weak" />
    <Item ID="24656" Name="Foe: dark-weak" />
    <Item ID="24657" Name="Foe: fire-vulnerable" />
    <Item ID="24658" Name="Foe: lightning-vulnerable" />
    <Item ID="24659" Name="Foe: ice-vulnerable" />
    <Item ID="24660" Name="Foe: earth-vulnerable" />
    <Item ID="24661" Name="Foe: water-vulnerable" />
    <Item ID="24662" Name="Foe: wind-vulnerable" />
    <Item ID="24663" Name="Foe: holy-vulnerable" />
    <Item ID="24664" Name="Foe: dark-vulnerable" />
    <Item ID="24665" Name="Foe: undead" />
    <Item ID="24666" Name="Foe: flying" />
    <Item ID="24668" Name="Foe: character HP = 100%" />
    <Item ID="24669" Name="Foe: item AMT &gt;= 10" />
    <Item ID="24670" Name="Foe: character status = Blind" />
    <Item ID="24671" Name="Foe: character status = Silence" />
    <Item ID="24672" Name="Foe: character status = Bravery" />
    <Item ID="24673" Name="Foe: character status = Faith" />
    <Item ID="24674" Name="Foe: character status = HP Critical" />
    <Item ID="24675" Name="Foe: character MP &gt;= 90%" />
    <Item ID="24676" Name="Foe: character MP &gt;= 70%" />
    <Item ID="24677" Name="Foe: character MP &gt;= 50%" />
    <Item ID="24678" Name="Foe: character MP &gt;= 30%" />
    <Item ID="24679" Name="Foe: character MP &gt;= 10%" />
    <Item ID="24680" Name="Foe: character MP &lt; 90%" />
    <Item ID="24681" Name="Foe: character MP &lt; 70%" />
    <Item ID="24682" Name="Foe: character MP &lt; 50%" />
    <Item ID="24683" Name="Foe: character MP &lt; 30%" />
    <Item ID="24684" Name="Foe: character MP &lt; 10%" />
    <Item ID="24685" Name="Foe: character HP &gt;= 90%" />
    <Item ID="24686" Name="Foe: character HP &gt;= 70%" />
    <Item ID="24687" Name="Foe: character HP &gt;= 50%" />
    <Item ID="24688" Name="Foe: character HP &gt;= 30%" />
    <Item ID="24689" Name="Foe: character HP &gt;= 10%" />
    <Item ID="24690" Name="Foe: character HP &lt; 90%" />
    <Item ID="24691" Name="Foe: character HP &lt; 70%" />
    <Item ID="24692" Name="Foe: character HP &lt; 50%" />
    <Item ID="24693" Name="Foe: character HP &lt; 30%" />
    <Item ID="24694" Name="Foe: character HP &lt; 10%" />
    <Item ID="24802" Name="Foe: targeting Vaan" />
    <Item ID="24803" Name="Foe: targeting Ashe" />
    <Item ID="24804" Name="Foe: targeting Fran" />
    <Item ID="24805" Name="Foe: targeting Balthier" />
    <Item ID="24806" Name="Foe: targeting Basch" />
    <Item ID="24807" Name="Foe: targeting Penelo" />
    <Item ID="24816" Name="Foe: count &gt;= 2" />
    <Item ID="24817" Name="Foe: count &gt;= 3" />
    <Item ID="24818" Name="Foe: count &gt;= 4" />
    <Item ID="24819" Name="Foe: count &gt;= 5" />
    <Item ID="24820" Name="Foe: ally count &gt;= 2" />
    <Item ID="24821" Name="Foe: ally count &gt;= 3" />
    <Item ID="24823" Name="Foe: HP &gt;= 90%" />
    <Item ID="24824" Name="Foe: HP &gt;= 10%" />
    <Item ID="24825" Name="Foe: HP &lt; 90%" />
    <Item ID="24826" Name="Foe: HP &lt; 70%" />
    <Item ID="24827" Name="Foe: HP &lt; 50%" />
    <Item ID="24828" Name="Foe: HP &lt; 30%" />
    <Item ID="24829" Name="Foe: HP &lt; 10%" />
    <Item ID="24830" Name="Foe: Concentrated Attack" />
    <Item ID="24831" Name="Foe: Daring Attack" />
  </Group>
  <Group Name="Self">
    <Item ID="24643" Name="Self: foe targeting ally" />
    <Item ID="24645" Name="Self: targeted by foe" />
    <Item ID="24695" Name="Self" />
    <Item ID="24696" Name="Self: HP &lt; 100%" />
    <Item ID="24697" Name="Self: HP &lt; 90%" />
    <Item ID="24698" Name="Self: HP &lt; 80%" />
    <Item ID="24699" Name="Self: HP &lt; 70%" />
    <Item ID="24700" Name="Self: HP &lt; 60%" />
    <Item ID="24701" Name="Self: HP &lt; 50%" />
    <Item ID="24702" Name="Self: HP &lt; 40%" />
    <Item ID="24703" Name="Self: HP &lt; 30%" />
    <Item ID="24704" Name="Self: HP &lt; 20%" />
    <Item ID="24705" Name="Self: HP &lt; 10%" />
    <Item ID="24706" Name="Self: MP &lt; 100%" />
    <Item ID="24707" Name="Self: MP &lt; 90%" />
    <Item ID="24708" Name="Self: MP &lt; 80%" />
    <Item ID="24709" Name="Self: MP &lt; 70%" />
    <Item ID="24710" Name="Self: MP &lt; 60%" />
    <Item ID="24711" Name="Self: MP &lt; 50%" />
    <Item ID="24712" Name="Self: MP &lt; 40%" />
    <Item ID="24713" Name="Self: MP &lt; 30%" />
    <Item ID="24714" Name="Self: MP &lt; 20%" />
    <Item ID="24715" Name="Self: MP &lt; 10%" />
    <Item ID="24716" Name="Self: status = Petrify" />
    <Item ID="24717" Name="Self: status = Doom" />
    <Item ID="24718" Name="Self: status = Blind" />
    <Item ID="24719" Name="Self: status = Poison" />
    <Item ID="24720" Name="Self: status = Silence" />
    <Item ID="24721" Name="Self: status = Sap" />
    <Item ID="24722" Name="Self: status = Oil" />
    <Item ID="24723" Name="Self: status = Reverse" />
    <Item ID="24724" Name="Self: status = Immobilize" />
    <Item ID="24725" Name="Self: status = Slow" />
    <Item ID="24726" Name="Self: status = Disease" />
    <Item ID="24727" Name="Self: status = Lure" />
    <Item ID="24728" Name="Self: status = Protect" />
    <Item ID="24729" Name="Self: status = Shell" />
    <Item ID="24730" Name="Self: status = Haste" />
    <Item ID="24731" Name="Self: status = Bravery" />
    <Item ID="24732" Name="Self: status = Faith" />
    <Item ID="24733" Name="Self: status = Reflect" />
    <Item ID="24734" Name="Self: status = Invisible" />
    <Item ID="24735" Name="Self: status = Regen" />
    <Item ID="24736" Name="Self: status = Float" />
    <Item ID="24737" Name="Self: status = Bubble" />
    <Item ID="24738" Name="Self: status = HP Critical" />
    <Item ID="24808" Name="Self: foe count &gt;= 2" />
    <Item ID="24809" Name="Self: foe count &gt;= 3" />
    <Item ID="24810" Name="Self: foe count &gt;= 4" />
    <Item ID="24811" Name="Self: foe count &gt;= 5" />
    <Item ID="24822" Name="Self: item AMT &gt;= 10" />
  </Group>
  <Group Name="Ally">
    <Item ID="24667" Name="Ally: item AMT &gt;= 10" />
    <Item ID="24739" Name="Ally: any" />
    <Item ID="24740" Name="Ally: party leader" />
    <Item ID="24741" Name="Ally: Vaan" />
    <Item ID="24742" Name="Ally: Ashe" />
    <Item ID="24743" Name="Ally: Fran" />
    <Item ID="24744" Name="Ally: Balthier" />
    <Item ID="24745" Name="Ally: Basch" />
    <Item ID="24746" Name="Ally: Penelo" />
    <Item ID="24747" Name="Ally: Guest" />
    <Item ID="24748" Name="Ally: lowest HP" />
    <Item ID="24749" Name="Ally: strongest weapon" />
    <Item ID="24750" Name="Ally: lowest defence" />
    <Item ID="24751" Name="Ally: lowest magick resist" />
    <Item ID="24752" Name="Ally: HP &lt; 100%" />
    <Item ID="24753" Name="Ally: HP &lt; 90%" />
    <Item ID="24754" Name="Ally: HP &lt; 80%" />
    <Item ID="24755" Name="Ally: HP &lt; 70%" />
    <Item ID="24756" Name="Ally: HP &lt; 60%" />
    <Item ID="24757" Name="Ally: HP &lt; 50%" />
    <Item ID="24758" Name="Ally: HP &lt; 40%" />
    <Item ID="24759" Name="Ally: HP &lt; 30%" />
    <Item ID="24760" Name="Ally: HP &lt; 20%" />
    <Item ID="24761" Name="Ally: HP &lt; 10%" />
    <Item ID="24762" Name="Ally: MP &lt; 100%" />
    <Item ID="24763" Name="Ally: MP &lt; 90%" />
    <Item ID="24764" Name="Ally: MP &lt; 80%" />
    <Item ID="24765" Name="Ally: MP &lt; 70%" />
    <Item ID="24766" Name="Ally: MP &lt; 60%" />
    <Item ID="24767" Name="Ally: MP &lt; 50%" />
    <Item ID="24768" Name="Ally: MP &lt; 40%" />
    <Item ID="24769" Name="Ally: MP &lt; 30%" />
    <Item ID="24770" Name="Ally: MP &lt; 20%" />
    <Item ID="24771" Name="Ally: MP &lt; 10%" />
    <Item ID="24772" Name="Ally: status = KO" />
    <Item ID="24773" Name="Ally: status = Stone" />
    <Item ID="24774" Name="Ally: status = Petrify" />
    <Item ID="24775" Name="Ally: status = Stop" />
    <Item ID="24776" Name="Ally: status = Sleep" />
    <Item ID="24777" Name="Ally: status = Confuse" />
    <Item ID="24778" Name="Ally: status = Doom" />
    <Item ID="24779" Name="Ally: status = Blind" />
    <Item ID="24780" Name="Ally: status = Poison" />
    <Item ID="24781" Name="Ally: status = Silence" />
    <Item ID="24782" Name="Ally: status = Sap" />
    <Item ID="24783" Name="Ally: status = Oil" />
    <Item ID="24784" Name="Ally: status = Reverse" />
    <Item ID="24785" Name="Ally: status = Disable" />
    <Item ID="24786" Name="Ally: status = Immobilize" />
    <Item ID="24787" Name="Ally: status = Slow" />
    <Item ID="24788" Name="Ally: status = Disease" />
    <Item ID="24789" Name="Ally: status = Lure" />
    <Item ID="24790" Name="Ally: status = Protect" />
    <Item ID="24791" Name="Ally: status = Shell" />
    <Item ID="24792" Name="Ally: status = Haste" />
    <Item ID="24793" Name="Ally: status = Bravery" />
    <Item ID="24794" Name="Ally: status = Faith" />
    <Item ID="24795" Name="Ally: status = Reflect" />
    <Item ID="24796" Name="Ally: status = Invisible" />
    <Item ID="24797" Name="Ally: status = Regen" />
    <Item ID="24798" Name="Ally: status = Float" />
    <Item ID="24799" Name="Ally: status = Berserk" />
    <Item ID="24800" Name="Ally: status = Bubble" />
    <Item ID="24801" Name="Ally: status = HP Critical" />
    <Item ID="24812" Name="Ally: foe count &gt;= 2" />
    <Item ID="24813" Name="Ally: foe count &gt;= 3" />
    <Item ID="24814" Name="Ally: foe count &gt;= 4" />
    <Item ID="24815" Name="Ally: foe count &gt;= 5" />
  </Group>
</Gambits>