﻿<?xml version="1.0" encoding="utf-8"?>
<ItemsAndLoot>
  <Class Name="Item">
    <Group Name="NONE">
      <Item ID="0" Name="Potion" />
      <Item ID="1" Name="Hi-Potion" />
      <Item ID="2" Name="X-Potion" />
      <Item ID="3" Name="Ether" />
      <Item ID="4" Name="Hi-Ether" />
      <Item ID="5" Name="Elixir" />
      <Item ID="6" Name="Phoenix Down" />
      <Item ID="7" Name="Gold Needle" />
      <Item ID="8" Name="Echo Herbs" />
      <Item ID="9" Name="Antidote" />
      <Item ID="10" Name="Eye Drops" />
      <Item ID="11" Name="Alarm Clock" />
      <Item ID="12" Name="Handkerchief" />
      <Item ID="13" Name="Chronos Tear" />
      <Item ID="14" Name="Smelling Salts" />
      <Item ID="15" Name="Vaccine" />
      <Item ID="16" Name="Remedy" />
      <Item ID="17" Name="Red Fang" />
      <Item ID="18" Name="Blue Fang" />
      <Item ID="19" Name="White Fang" />
      <Item ID="20" Name="Bacchus's Wine" />
      <Item ID="21" Name="Megalixir" />
      <Item ID="22" Name="Baltoro's Seed" />
      <Item ID="23" Name="Spirit of Lowtown" />
      <Item ID="24" Name="Dark Energy" />
      <Item ID="25" Name="Meteorite" />
      <Item ID="26" Name="Meteorite" />
      <Item ID="27" Name="Meteorite" />
      <Item ID="28" Name="Meteorite" />
      <Item ID="42" Name="Reverse Mote" />
      <Item ID="43" Name="Dark Mote" />
      <Item ID="44" Name="Aero Mote" />
      <Item ID="45" Name="Water Mote" />
      <Item ID="46" Name="Bio Mote" />
      <Item ID="47" Name="Shock Mote" />
      <Item ID="48" Name="Holy Mote" />
      <Item ID="49" Name="Scathe Mote" />
      <Item ID="50" Name="Balance Mote" />
      <Item ID="51" Name="Gravity Mote" />
      <Item ID="52" Name="Cura Mote" />
      <Item ID="53" Name="Dispel Mote" />
      <Item ID="54" Name="Aeroga Mote" />
      <Item ID="55" Name="Warp Mote" />
      <Item ID="56" Name="Bubble Mote" />
      <Item ID="57" Name="Hastega Mote" />
      <Item ID="58" Name="Reflectga Mote" />
      <Item ID="59" Name="Vanishga Mote" />
      <Item ID="60" Name="Float Mote" />
      <Item ID="61" Name="Eksir Berries" />
      <Item ID="62" Name="Dark Matter" />
      <Item ID="63" Name="Knot of Rust" />
    </Group>
  </Class>
  <Class Name="Loot">
    <Group Name="NONE">
      <Item ID="8192" Name="Teleport Stone" />
      <Item ID="8224" Name="Earth Stone" />
      <Item ID="8225" Name="Wind Stone" />
      <Item ID="8226" Name="Water Stone" />
      <Item ID="8227" Name="Fire Stone" />
      <Item ID="8228" Name="Ice Stone" />
      <Item ID="8229" Name="Storm Stone" />
      <Item ID="8230" Name="Holy Stone" />
      <Item ID="8231" Name="Dark Stone" />
      <Item ID="8232" Name="Earth Magicite" />
      <Item ID="8233" Name="Wind Magicite" />
      <Item ID="8234" Name="Water Magicite" />
      <Item ID="8235" Name="Fire Magicite" />
      <Item ID="8236" Name="Ice Magicite" />
      <Item ID="8237" Name="Storm Magicite" />
      <Item ID="8238" Name="Holy Magicite" />
      <Item ID="8239" Name="Dark Magicite" />
      <Item ID="8240" Name="Earth Crystal" />
      <Item ID="8241" Name="Wind Crystal" />
      <Item ID="8242" Name="Water Crystal" />
      <Item ID="8243" Name="Fire Crystal" />
      <Item ID="8244" Name="Ice Crystal" />
      <Item ID="8245" Name="Storm Crystal" />
      <Item ID="8246" Name="Holy Crystal" />
      <Item ID="8247" Name="Dark Crystal" />
      <Item ID="8248" Name="Aries Gem" />
      <Item ID="8249" Name="Taurus Gem" />
      <Item ID="8250" Name="Gemini Gem" />
      <Item ID="8251" Name="Cancer Gem" />
      <Item ID="8252" Name="Leo Gem" />
      <Item ID="8253" Name="Virgo Gem" />
      <Item ID="8254" Name="Libra Gem" />
      <Item ID="8255" Name="Scorpio Gem" />
      <Item ID="8256" Name="Sagittarius Gem" />
      <Item ID="8257" Name="Capricorn Gem" />
      <Item ID="8258" Name="Aquarius Gem" />
      <Item ID="8259" Name="Pisces Gem" />
      <Item ID="8260" Name="Salamand Halcyon" />
      <Item ID="8261" Name="Mardu Halcyon" />
      <Item ID="8262" Name="Leshach Halcyon" />
      <Item ID="8263" Name="Gnoma Halcyon" />
      <Item ID="8264" Name="Undin Halcyon" />
      <Item ID="8265" Name="Sylphi Halcyon" />
      <Item ID="8266" Name="Diakon Halcyon" />
      <Item ID="8267" Name="Leamonde Halcyon" />
      <Item ID="8268" Name="Arcana" />
      <Item ID="8269" Name="High Arcana" />
      <Item ID="8270" Name="Turtle Shell" />
      <Item ID="8271" Name="Aged Turtle Shell" />
      <Item ID="8272" Name="Ancient Turtle Shell" />
      <Item ID="8273" Name="Molting" />
      <Item ID="8274" Name="Iron Carapace" />
      <Item ID="8275" Name="Wyrm Carapace" />
      <Item ID="8276" Name="Insect Husk" />
      <Item ID="8277" Name="Battlewyrm Carapace" />
      <Item ID="8278" Name="Destrier Barding" />
      <Item ID="8279" Name="Charger Barding" />
      <Item ID="8280" Name="Fish Scale" />
      <Item ID="8281" Name="Yensa Scale" />
      <Item ID="8282" Name="Ichthon Scale" />
      <Item ID="8283" Name="Ring Wyrm Scale" />
      <Item ID="8284" Name="Drab Wool" />
      <Item ID="8285" Name="Braid Wool" />
      <Item ID="8286" Name="Fine Wool" />
      <Item ID="8287" Name="Blood Wool" />
      <Item ID="8288" Name="Rat Pelt" />
      <Item ID="8289" Name="Snake Skin" />
      <Item ID="8290" Name="Tyrant Hide" />
      <Item ID="8291" Name="Quality Hide" />
      <Item ID="8292" Name="Beastlord Hide" />
      <Item ID="8293" Name="Tanned Hide" />
      <Item ID="8294" Name="Tanned Giantskin" />
      <Item ID="8295" Name="Tanned Tyrant Hide" />
      <Item ID="8296" Name="Prime Tanned Hide" />
      <Item ID="8297" Name="Wolf Pelt" />
      <Item ID="8298" Name="Coeurl Pelt" />
      <Item ID="8299" Name="Quality Pelt" />
      <Item ID="8300" Name="Prime Pelt" />
      <Item ID="8301" Name="Small Feather" />
      <Item ID="8302" Name="Large Feather" />
      <Item ID="8303" Name="Chocobo Feather" />
      <Item ID="8304" Name="Giant Feather" />
      <Item ID="8305" Name="Bundle of Feathers" />
      <Item ID="8306" Name="Windslicer Pinion" />
      <Item ID="8307" Name="Horn" />
      <Item ID="8308" Name="Pointed Horn" />
      <Item ID="8309" Name="Solid Horn" />
      <Item ID="8310" Name="Bat Fang" />
      <Item ID="8311" Name="Crooked Fang" />
      <Item ID="8312" Name="Spiral Incisor" />
      <Item ID="8313" Name="Wyvern Fang" />
      <Item ID="8314" Name="Cactus Fruit" />
      <Item ID="8315" Name="Succulent Fruit" />
      <Item ID="8316" Name="Screamroot" />
      <Item ID="8317" Name="Malboro Vine" />
      <Item ID="8318" Name="Malboro Fruit" />
      <Item ID="8319" Name="Malboro Flower" />
      <Item ID="8320" Name="Bone Fragment" />
      <Item ID="8321" Name="Sturdy Bone" />
      <Item ID="8322" Name="Blood-darkened Bone" />
      <Item ID="8323" Name="Lumber" />
      <Item ID="8324" Name="Quality Lumber" />
      <Item ID="8325" Name="Solid Stone" />
      <Item ID="8326" Name="Quality Stone" />
      <Item ID="8327" Name="Iron Scraps" />
      <Item ID="8328" Name="Iron Ore" />
      <Item ID="8329" Name="Green Liquid" />
      <Item ID="8330" Name="Yellow Liquid" />
      <Item ID="8331" Name="Silver Liquid" />
      <Item ID="8332" Name="Glass Jewel" />
      <Item ID="8333" Name="Sky Jewel" />
      <Item ID="8334" Name="Demon Eyeball" />
      <Item ID="8335" Name="Demon Feather" />
      <Item ID="8336" Name="Demon Tail" />
      <Item ID="8337" Name="Grimoire Togail" />
      <Item ID="8338" Name="Grimoire Aidhed" />
      <Item ID="8339" Name="Bomb Ashes" />
      <Item ID="8340" Name="Bomb Shell" />
      <Item ID="8341" Name="Book of Orgain" />
      <Item ID="8342" Name="Book of Orgain-Cent" />
      <Item ID="8343" Name="Book of Orgain-Mille" />
      <Item ID="8344" Name="Foul Flesh" />
      <Item ID="8345" Name="Festering Flesh" />
      <Item ID="8346" Name="Maggoty Flesh" />
      <Item ID="8347" Name="Forbidden Flesh" />
      <Item ID="8348" Name="Feystone" />
      <Item ID="8349" Name="Pebble" />
      <Item ID="8350" Name="Broken Sword" />
      <Item ID="8351" Name="Broken Greataxe" />
      <Item ID="8352" Name="Broken Spear" />
      <Item ID="8353" Name="Bent Staff" />
      <Item ID="8354" Name="Moon Ring" />
      <Item ID="8355" Name="Bundle of Needles" />
      <Item ID="8356" Name="Coeurl Whisker" />
      <Item ID="8357" Name="Mallet" />
      <Item ID="8358" Name="Tattered Garment" />
      <Item ID="8359" Name="Split Armor" />
      <Item ID="8360" Name="Chimera Head" />
      <Item ID="8361" Name="Rat Tail" />
      <Item ID="8362" Name="Slaven Harness" />
      <Item ID="8363" Name="Blood-stained Necklace" />
      <Item ID="8364" Name="Destrier Mane" />
      <Item ID="8365" Name="Wardog's Band" />
      <Item ID="8366" Name="Soul of Thamasa" />
      <Item ID="8367" Name="Beastlord Horn" />
      <Item ID="8368" Name="Vampyr Fang" />
      <Item ID="8369" Name="Great Serpent's Fang" />
      <Item ID="8370" Name="Death's-Head" />
      <Item ID="8371" Name="Ancient Bone" />
      <Item ID="8372" Name="Wyrm Bone" />
      <Item ID="8373" Name="Tyrant Bone" />
      <Item ID="8374" Name="Mirror Scale" />
      <Item ID="8375" Name="Emperor Scale" />
      <Item ID="8376" Name="Mythril" />
      <Item ID="8377" Name="Adamantite" />
      <Item ID="8378" Name="Scarletite" />
      <Item ID="8379" Name="Damascus Steel" />
      <Item ID="8380" Name="Orichalcum" />
      <Item ID="8381" Name="Mystletainn" />
      <Item ID="8382" Name="Einherjarium" />
      <Item ID="8383" Name="Electrum" />
      <Item ID="8384" Name="Dorsal Fin" />
      <Item ID="8385" Name="Yensa Fin" />
      <Item ID="8386" Name="Ring Wyrm Liver" />
      <Item ID="8387" Name="Eye of the Hawk" />
      <Item ID="8388" Name="Serpent Eye" />
      <Item ID="8389" Name="Ambrosia" />
      <Item ID="8390" Name="Foul Liquid" />
      <Item ID="8391" Name="Putrid Liquid" />
      <Item ID="8392" Name="Caramel" />
      <Item ID="8393" Name="Slime Oil" />
      <Item ID="8394" Name="Unpurified Ether" />
      <Item ID="8395" Name="Demon Drink" />
      <Item ID="8396" Name="Death Powder" />
      <Item ID="8397" Name="Soul Powder" />
      <Item ID="8398" Name="Zombie Powder" />
      <Item ID="8399" Name="Snowfly" />
      <Item ID="8400" Name="Corpse Fly" />
      <Item ID="8401" Name="Bat Wing" />
      <Item ID="8402" Name="Wyvern Wing" />
      <Item ID="8403" Name="Bomb Fragment" />
      <Item ID="8404" Name="Throat Wolf Blood" />
      <Item ID="8405" Name="Frogspawn" />
      <Item ID="8406" Name="Frog Oil" />
      <Item ID="8407" Name="Behemoth Steak" />
      <Item ID="8408" Name="Gysahl Greens" />
      <Item ID="8409" Name="White Incense" />
      <Item ID="8410" Name="Antarctic Wind" />
      <Item ID="8411" Name="Arctic Wind" />
      <Item ID="8412" Name="Wrath of the Gods" />
      <Item ID="8413" Name="Charged Gizzard" />
      <Item ID="8414" Name="Lifewick" />
      <Item ID="8415" Name="Ketu Board" />
      <Item ID="8416" Name="Magick Lamp" />
      <Item ID="8417" Name="Hell-Gate's Flame" />
      <Item ID="8418" Name="Sickle-Blade" />
      <Item ID="8419" Name="Stardust" />
      <Item ID="8420" Name="Moondust" />
      <Item ID="8421" Name="Rainbow Egg" />
      <Item ID="8422" Name="Four-leaf Clover" />
      <Item ID="8423" Name="Gimble Stalk" />
      <Item ID="8424" Name="Onion" />
      <Item ID="8425" Name="Jack-o'-Lantern" />
      <Item ID="8426" Name="Tomato Stalk" />
      <Item ID="8427" Name="Demon's Sigh" />
      <Item ID="8428" Name="Omega Badge" />
      <Item ID="8429" Name="Empyreal Soul" />
      <Item ID="8430" Name="Serpentarius" />
      <Item ID="8431" Name="Gemsteel" />
      <Item ID="8432" Name="Centurio Hero's Badge" />
      <Item ID="8433" Name="Horakhty's Flame" />
      <Item ID="8434" Name="Phobos Glaze" />
      <Item ID="8435" Name="Deimos Clay" />
      <Item ID="8436" Name="Godslayer's Badge" />
      <Item ID="8437" Name="Lu Shang's Badge" />
      <Item ID="8448" Name="Empty Bottle" />
      <Item ID="8449" Name="Common Fish" />
      <Item ID="8450" Name="Delicious Fish" />
      <Item ID="8451" Name="Nebra Succulent" />
      <Item ID="8452" Name="Peach Tuft" />
      <Item ID="8453" Name="Green Tuft" />
      <Item ID="8454" Name="Orange Tuft" />
      <Item ID="8455" Name="Brown Tuft" />
      <Item ID="8456" Name="White Tuft" />
      <Item ID="8457" Name="Valeblossom Dew" />
      <Item ID="8458" Name="Semclam Shell" />
      <Item ID="8459" Name="Nebralim" />
      <Item ID="8460" Name="Great Serpentskin" />
      <Item ID="8461" Name="Bhujerban Madhu" />
      <Item ID="8466" Name="Sandalwood Chop" />
      <Item ID="8467" Name="Pinewood Chop" />
      <Item ID="8468" Name="Small Package" />
      <Item ID="8469" Name="Dewdrop Pebble" />
      <Item ID="8470" Name="Black Orb" />
      <Item ID="8471" Name="Jaya Stick" />
    </Group>
  </Class>
</ItemsAndLoot>