﻿<?xml version="1.0" encoding="utf-8"?>
<KeyItems>
  <Class Name="Maps">
    <Group Name="Maps">
      <Item ID="32768" Name="Rabanastre" />
      <Item ID="32769" Name="Nalbina Fortress" />
      <Item ID="32770" Name="Bhujerba" />
      <Item ID="32771" Name="Jahara" />
      <Item ID="32772" Name="Eruyt Village" />
      <Item ID="32773" Name="Mt Bur-Omisace" />
      <Item ID="32774" Name="Archades" />
      <Item ID="32775" Name="Balfonheim Port" />
      <Item ID="32776" Name="Dalmasca Estersand" />
      <Item ID="32777" Name="Dalmasca Westersand" />
      <Item ID="32778" Name="Giza Plains" />
      <Item ID="32779" Name="Ogir-Yensa Sandsea" />
      <Item ID="32780" Name="Nam-Yensa Sandsea" />
      <Item ID="32781" Name="Mosphoran Highwaste" />
      <Item ID="32782" Name="Salikawood" />
      <Item ID="32783" Name="Nabreus Deadlands" />
      <Item ID="32784" Name="Ozmone Plain" />
      <Item ID="32785" Name="Golmore Jungle" />
      <Item ID="32786" Name="Feywood" />
      <Item ID="32787" Name="Paramina Rift" />
      <Item ID="32788" Name="Phon Coast" />
      <Item ID="32789" Name="Tchita Uplands" />
      <Item ID="32790" Name="Cerobi Steppe" />
      <Item ID="32791" Name="Ridorana Cataract" />
      <Item ID="32792" Name="Garamsythe Waterway" />
      <Item ID="32793" Name="Barheim Passage" />
      <Item ID="32794" Name="Zertinan Caverns" />
      <Item ID="32795" Name="Lhusu Mines" />
      <Item ID="32796" Name="Tomb of Raithwall" />
      <Item ID="32797" Name="Necrohol of Nabudis" />
      <Item ID="32798" Name="Henne Mines" />
      <Item ID="32799" Name="Giruvegan" />
      <Item ID="32800" Name="Stilshrine of Miriam" />
      <Item ID="32801" Name="Sochen Cave Palace" />
      <Item ID="32802" Name="Draklor Laboratories" />
      <Item ID="32804" Name="Leviathan" />
      <Item ID="32805" Name="Bahamut" />
      <Item ID="32806" Name="Royal Palace of Rabanastre" />
      <Item ID="32812" Name="Nalbina Dungeons" />
      <Item ID="32813" Name="Pharos: First Ascent" />
      <Item ID="32814" Name="Pharos: Second Ascent" />
      <Item ID="32815" Name="Pharos: Third Ascent" />
    </Group>
    <Group Name="Candles">
      <Item ID="32807" Name="Garamsythe Candle" />
      <Item ID="32808" Name="Barheim Candle" />
      <Item ID="32809" Name="Lhusu Candle" />
      <Item ID="32810" Name="Henne Candle" />
      <Item ID="32811" Name="Feywood Candle" />
    </Group>
  </Class>
  <Class Name="KeyItems">
    <Group Name="Monographs">
      <Item ID="32869" Name="Sage's Monograph" />
      <Item ID="32870" Name="Hunter's Monograph" />
      <Item ID="32871" Name="Knight's Monograph" />
      <Item ID="32872" Name="Dragoon's Monograph" />
      <Item ID="32873" Name="Mage's Monograph" />
      <Item ID="32874" Name="Warmage's Monograph" />
      <Item ID="32875" Name="Scholar's Monograph" />
    </Group>
    <Group Name="Miscellaneous">
      <Item ID="32876" Name="Canopic Jar" />
    </Group>
    <Group Name="Keys">
      <Item ID="32894" Name="Site 3 Key" />
      <Item ID="32895" Name="Site 11 Key" />
      <Item ID="32897" Name="Medallion of Bravery" />
      <Item ID="32898" Name="Medallion of Might" />
      <Item ID="32899" Name="Medallion of Love" />
      <Item ID="32901" Name="Stone of the Condemner" />
      <Item ID="32915" Name="Barheim Key" />
      <Item ID="32943" Name="Sluice Gate Key" />
      <Item ID="32949" Name="Ageworn Key" />
      <Item ID="32950" Name="Soul Ward Key" />
    </Group>
    <Group Name="Trophies">
      <Item ID="32952" Name="Shelled Trophy" />
      <Item ID="32953" Name="Fur-scaled Trophy" />
      <Item ID="32954" Name="Bony Trophy" />
      <Item ID="32955" Name="Fanged Trophy" />
      <Item ID="32956" Name="Hide-covered Trophy" />
      <Item ID="32957" Name="Maned Trophy" />
      <Item ID="32958" Name="Fell Trophy" />
      <Item ID="32959" Name="Accursed Trophy" />
      <Item ID="32960" Name="Beaked Trophy" />
      <Item ID="32961" Name="Maverick Trophy" />
      <Item ID="32962" Name="Soulless Trophy" />
      <Item ID="32963" Name="Leathern Trophy" />
      <Item ID="32964" Name="Sickle Trophy" />
      <Item ID="32965" Name="Vengeful Trophy" />
      <Item ID="32966" Name="Gravesoil Trophy" />
      <Item ID="32967" Name="Metallic Trophy" />
      <Item ID="32968" Name="Slimy Trophy" />
      <Item ID="32969" Name="Scythe Trophy" />
      <Item ID="32970" Name="Feathered Trophy" />
      <Item ID="32971" Name="Skull Trophy" />
      <Item ID="32972" Name="Mind Trophy" />
      <Item ID="32973" Name="Eternal Trophy" />
      <Item ID="32974" Name="Clawed Trophy" />
      <Item ID="32975" Name="Odiferous Trophy" />
      <Item ID="32976" Name="Whiskered Trophy" />
      <Item ID="32977" Name="Frigid Trophy" />
      <Item ID="32978" Name="Ensanguined Trophy" />
      <Item ID="32979" Name="Cruel Trophy" />
      <Item ID="32980" Name="Adamantine Trophy" />
      <Item ID="32981" Name="Reptilian Trophy" />
      <Item ID="32982" Name="Vile Trophy" />
    </Group>
    <Group Name="Bottles">
      <Item ID="32864" Name="Blue Bottle" />
      <Item ID="32865" Name="Green Bottle" />
      <Item ID="32866" Name="Red Bottle" />
      <Item ID="32867" Name="Yellow Bottle" />
      <Item ID="32868" Name="Black Bottle" />
    </Group>
    <Group Name="Messages">
      <Item ID="32932" Name="Wanly-limned Message" />
      <Item ID="32933" Name="Green-hued Message" />
      <Item ID="32934" Name="Vermillion Message" />
      <Item ID="32935" Name="Auric Message" />
      <Item ID="32936" Name="Onyx Message" />
    </Group>
  </Class>
</KeyItems>