﻿<?xml version="1.0" encoding="utf-8"?>
<LicenseTree>
  <Group Name="Common">
    <Group Name="Weapons">
      <Group Name="Swords">
        <License BitIndex="32" Name="Swords 1" LP="15" Details="Broadsword" WhiteMage="0" Uhlan="0" Machinist="0" RedMage="0" Knight="1" Monk="0" TimeMage="0" Breaker="0" Archer="0" BlackMage="0" Samurai="0" Hunter="0" />
        <License BitIndex="33" Name="Swords 2" LP="25" Details="Longsword, Iron Sword" WhiteMage="0" Uhlan="0" Machinist="0" RedMage="0" Knight="1" Monk="0" TimeMage="0" Breaker="0" Archer="0" BlackMage="0" Samurai="0" Hunter="0" />
        <License BitIndex="34" Name="Swords 3" LP="35" Details="Zwill Blade, Ancient Sword" WhiteMage="0" Uhlan="0" Machinist="0" RedMage="0" Knight="1" Monk="0" TimeMage="0" Breaker="0" Archer="0" BlackMage="0" Samurai="0" Hunter="0" />
        <License BitIndex="35" Name="Swords 4" LP="50" Details="Lohengrin, Flametongue" WhiteMage="0" Uhlan="0" Machinist="0" RedMage="0" Knight="1" Monk="0" TimeMage="0" Breaker="0" Archer="0" BlackMage="0" Samurai="0" Hunter="0" />
        <License BitIndex="36" Name="Swords 5" LP="55" Details="Demonsbane, Icebrand" WhiteMage="0" Uhlan="0" Machinist="0" RedMage="0" Knight="1" Monk="0" TimeMage="0" Breaker="0" Archer="0" BlackMage="0" Samurai="0" Hunter="0" />
        <License BitIndex="37" Name="Swords 6" LP="60" Details="Platinum Sword, Bastard Sword" WhiteMage="0" Uhlan="0" Machinist="0" RedMage="0" Knight="1" Monk="0" TimeMage="0" Breaker="0" Archer="0" BlackMage="0" Samurai="0" Hunter="0" />
        <License BitIndex="38" Name="Swords 7" LP="70" Details="Diamond Sword, Runeblade" WhiteMage="0" Uhlan="0" Machinist="0" RedMage="0" Knight="1" Monk="0" TimeMage="1" Breaker="0" Archer="0" BlackMage="0" Samurai="0" Hunter="0" />
        <License BitIndex="329" Name="Swords 8" LP="80" Details="Deathbringer, Stoneblade" WhiteMage="0" Uhlan="0" Machinist="0" RedMage="0" Knight="1" Monk="0" TimeMage="1" Breaker="0" Archer="0" BlackMage="0" Samurai="0" Hunter="0" />
        <License BitIndex="330" Name="Swords 9" LP="90" Details="Durandal, Durandal A" WhiteMage="0" Uhlan="0" Machinist="0" RedMage="0" Knight="1" Monk="0" TimeMage="1" Breaker="0" Archer="0" BlackMage="0" Samurai="0" Hunter="0" />
        <License BitIndex="39" Name="Blood Sword" LP="50" Details="Blood Sword" WhiteMage="0" Uhlan="0" Machinist="0" RedMage="0" Knight="1" Monk="0" TimeMage="0" Breaker="0" Archer="0" BlackMage="0" Samurai="1" Hunter="0" />
        <License BitIndex="331" Name="Blood Sword A" LP="80" Details="Blood Sword A" WhiteMage="0" Uhlan="0" Machinist="0" RedMage="0" Knight="1" Monk="0" TimeMage="0" Breaker="0" Archer="0" BlackMage="0" Samurai="1" Hunter="0" />
      </Group>
      <Group Name="Great Swords">
        <License BitIndex="40" Name="Greatswords 1" LP="50" Details="Claymore" WhiteMage="1" Uhlan="0" Machinist="0" RedMage="1" Knight="1" Monk="0" TimeMage="0" Breaker="0" Archer="0" BlackMage="0" Samurai="0" Hunter="0" />
        <License BitIndex="41" Name="Greatswords 2" LP="70" Details="Defender, Save the Queen" WhiteMage="1" Uhlan="0" Machinist="0" RedMage="1" Knight="1" Monk="0" TimeMage="0" Breaker="0" Archer="0" BlackMage="0" Samurai="0" Hunter="0" />
        <License BitIndex="42" Name="Greatswords 3" LP="80" Details="Ultima Blade" WhiteMage="0" Uhlan="0" Machinist="0" RedMage="1" Knight="1" Monk="0" TimeMage="0" Breaker="0" Archer="0" BlackMage="0" Samurai="0" Hunter="0" />
        <License BitIndex="332" Name="Greatswords 4" LP="100" Details="Ragnarok" WhiteMage="0" Uhlan="0" Machinist="0" RedMage="1" Knight="1" Monk="0" TimeMage="0" Breaker="0" Archer="0" BlackMage="0" Samurai="0" Hunter="0" />
        <License BitIndex="43" Name="Excalibur" LP="135" Details="Excalibur" WhiteMage="0" Uhlan="0" Machinist="0" RedMage="0" Knight="1" Monk="0" TimeMage="0" Breaker="0" Archer="0" BlackMage="0" Samurai="0" Hunter="0" />
        <License BitIndex="333" Name="Excalipoor" LP="150" Details="Excalipoor" WhiteMage="0" Uhlan="0" Machinist="0" RedMage="0" Knight="1" Monk="0" TimeMage="0" Breaker="0" Archer="0" BlackMage="0" Samurai="0" Hunter="0" />
        <License BitIndex="44" Name="Tournesol" LP="225" Details="Tournesol" WhiteMage="0" Uhlan="0" Machinist="0" RedMage="0" Knight="1" Monk="0" TimeMage="0" Breaker="0" Archer="0" BlackMage="0" Samurai="0" Hunter="0" />
      </Group>
      <Group Name="Katana">
        <License BitIndex="45" Name="Katana 1" LP="35" Details="Kotetsu, Osafune" WhiteMage="0" Uhlan="0" Machinist="0" RedMage="0" Knight="0" Monk="0" TimeMage="0" Breaker="0" Archer="0" BlackMage="0" Samurai="1" Hunter="0" />
        <License BitIndex="46" Name="Katana 2" LP="50" Details="Kogarasumaru, Magoroku" WhiteMage="0" Uhlan="0" Machinist="0" RedMage="0" Knight="0" Monk="0" TimeMage="0" Breaker="0" Archer="0" BlackMage="0" Samurai="1" Hunter="0" />
        <License BitIndex="47" Name="Katana 3" LP="70" Details="Murasame, Kiku-ichimonji" WhiteMage="0" Uhlan="0" Machinist="0" RedMage="0" Knight="0" Monk="0" TimeMage="0" Breaker="0" Archer="0" BlackMage="0" Samurai="1" Hunter="0" />
        <License BitIndex="48" Name="Katana 4" LP="90" Details="Yakei, Ame-no-Murakumo" WhiteMage="0" Uhlan="0" Machinist="0" RedMage="0" Knight="0" Monk="0" TimeMage="0" Breaker="0" Archer="0" BlackMage="0" Samurai="1" Hunter="0" />
        <License BitIndex="334" Name="Katana 5" LP="100" Details="Muramasa" WhiteMage="0" Uhlan="0" Machinist="0" RedMage="0" Knight="0" Monk="0" TimeMage="0" Breaker="0" Archer="0" BlackMage="0" Samurai="1" Hunter="0" />
        <License BitIndex="49" Name="Masamune" LP="130" Details="Masamune" WhiteMage="0" Uhlan="0" Machinist="0" RedMage="0" Knight="0" Monk="0" TimeMage="0" Breaker="0" Archer="0" BlackMage="0" Samurai="1" Hunter="0" />
        <License BitIndex="335" Name="Masamune I" LP="200" Details="Masamune I" WhiteMage="0" Uhlan="0" Machinist="0" RedMage="0" Knight="0" Monk="0" TimeMage="0" Breaker="0" Archer="0" BlackMage="0" Samurai="1" Hunter="0" />
      </Group>
      <Group Name="Ninja Swords">
        <License BitIndex="50" Name="Ninja Swords 1" LP="100" Details="Ashura, Sakura-saezuri, Kagenui, Orochi" WhiteMage="0" Uhlan="0" Machinist="0" RedMage="0" Knight="0" Monk="0" TimeMage="0" Breaker="0" Archer="0" BlackMage="0" Samurai="0" Hunter="1" />
        <License BitIndex="51" Name="Ninja Swords 2" LP="120" Details="Iga Blade" WhiteMage="0" Uhlan="0" Machinist="0" RedMage="0" Knight="0" Monk="0" TimeMage="0" Breaker="0" Archer="0" BlackMage="0" Samurai="0" Hunter="1" />
        <License BitIndex="336" Name="Ninja Swords 3" LP="120" Details="Koga Blade" WhiteMage="0" Uhlan="0" Machinist="0" RedMage="0" Knight="0" Monk="0" TimeMage="0" Breaker="0" Archer="0" BlackMage="0" Samurai="0" Hunter="1" />
        <License BitIndex="52" Name="Yagyu Darkblade" LP="180" Details="Yagyu Darkblade, Orochi N" WhiteMage="0" Uhlan="0" Machinist="0" RedMage="0" Knight="0" Monk="0" TimeMage="0" Breaker="0" Archer="0" BlackMage="0" Samurai="0" Hunter="1" />
      </Group>
      <Group Name="Spears">
        <License BitIndex="53" Name="Spears 1" LP="20" Details="Javelin, Spear" WhiteMage="0" Uhlan="1" Machinist="0" RedMage="0" Knight="0" Monk="0" TimeMage="0" Breaker="0" Archer="0" BlackMage="0" Samurai="0" Hunter="0" />
        <License BitIndex="54" Name="Spears 2" LP="25" Details="Partisan, Heavy Lance" WhiteMage="0" Uhlan="1" Machinist="0" RedMage="0" Knight="0" Monk="0" TimeMage="0" Breaker="0" Archer="0" BlackMage="0" Samurai="0" Hunter="0" />
        <License BitIndex="55" Name="Spears 3" LP="35" Details="Storm Spear, Obelisk" WhiteMage="0" Uhlan="1" Machinist="0" RedMage="0" Knight="0" Monk="0" TimeMage="0" Breaker="0" Archer="0" BlackMage="0" Samurai="0" Hunter="0" />
        <License BitIndex="56" Name="Spears 4" LP="50" Details="Halberd, Trident" WhiteMage="0" Uhlan="1" Machinist="0" RedMage="0" Knight="0" Monk="0" TimeMage="0" Breaker="0" Archer="0" BlackMage="0" Samurai="0" Hunter="0" />
        <License BitIndex="57" Name="Spears 5" LP="60" Details="Holy Lance, Gungnir" WhiteMage="0" Uhlan="1" Machinist="0" RedMage="0" Knight="0" Monk="0" TimeMage="0" Breaker="0" Archer="0" BlackMage="0" Samurai="0" Hunter="0" />
        <License BitIndex="58" Name="Dragon Whisker" LP="70" Details="Dragon Whisker" WhiteMage="0" Uhlan="1" Machinist="0" RedMage="0" Knight="0" Monk="0" TimeMage="0" Breaker="0" Archer="0" BlackMage="0" Samurai="0" Hunter="0" />
        <License BitIndex="337" Name="Dragon Whisker L" LP="100" Details="Dragon Whisker L" WhiteMage="0" Uhlan="1" Machinist="0" RedMage="0" Knight="0" Monk="0" TimeMage="0" Breaker="0" Archer="0" BlackMage="0" Samurai="0" Hunter="0" />
        <License BitIndex="59" Name="Zodiac Spear" LP="240" Details="Zodiac Spear" WhiteMage="0" Uhlan="1" Machinist="0" RedMage="0" Knight="0" Monk="0" TimeMage="0" Breaker="0" Archer="0" BlackMage="0" Samurai="0" Hunter="0" />
      </Group>
      <Group Name="Poles">
        <License BitIndex="60" Name="Poles 1" LP="20" Details="Oaken Pole" WhiteMage="0" Uhlan="0" Machinist="0" RedMage="0" Knight="0" Monk="1" TimeMage="0" Breaker="0" Archer="0" BlackMage="0" Samurai="0" Hunter="0" />
        <License BitIndex="61" Name="Poles 2" LP="30" Details="Cypress Pole, Battle Bamboo" WhiteMage="0" Uhlan="0" Machinist="0" RedMage="0" Knight="0" Monk="1" TimeMage="0" Breaker="0" Archer="0" BlackMage="0" Samurai="0" Hunter="0" />
        <License BitIndex="62" Name="Poles 3" LP="35" Details="Musk Stick, Iron Pole" WhiteMage="0" Uhlan="0" Machinist="0" RedMage="0" Knight="0" Monk="1" TimeMage="0" Breaker="0" Archer="0" BlackMage="0" Samurai="0" Hunter="0" />
        <License BitIndex="63" Name="Poles 4" LP="40" Details="Six-fluted Pole, Gokuu Pole" WhiteMage="0" Uhlan="0" Machinist="0" RedMage="0" Knight="0" Monk="1" TimeMage="0" Breaker="0" Archer="0" BlackMage="0" Samurai="0" Hunter="0" />
        <License BitIndex="64" Name="Poles 5" LP="50" Details="Zephyr Pole, Ivory Pole" WhiteMage="0" Uhlan="0" Machinist="0" RedMage="0" Knight="0" Monk="1" TimeMage="0" Breaker="0" Archer="0" BlackMage="0" Samurai="0" Hunter="0" />
        <License BitIndex="338" Name="Poles 6" LP="60" Details="Sweep, Eight-fluted Pole" WhiteMage="0" Uhlan="0" Machinist="0" RedMage="0" Knight="0" Monk="1" TimeMage="0" Breaker="0" Archer="0" BlackMage="0" Samurai="0" Hunter="0" />
        <License BitIndex="65" Name="Whale Whisker" LP="90" Details="Whale Whisker" WhiteMage="0" Uhlan="0" Machinist="0" RedMage="0" Knight="0" Monk="1" TimeMage="0" Breaker="0" Archer="0" BlackMage="0" Samurai="0" Hunter="0" />
        <License BitIndex="339" Name="Whale Whisker N" LP="180" Details="Whale Whisker N" WhiteMage="0" Uhlan="0" Machinist="0" RedMage="0" Knight="0" Monk="1" TimeMage="0" Breaker="0" Archer="0" BlackMage="0" Samurai="0" Hunter="0" />
      </Group>
      <Group Name="Bows">
        <License BitIndex="66" Name="Bows 1" LP="20" Details="Shortbow" WhiteMage="0" Uhlan="0" Machinist="0" RedMage="0" Knight="0" Monk="0" TimeMage="0" Breaker="0" Archer="1" BlackMage="0" Samurai="0" Hunter="0" />
        <License BitIndex="67" Name="Bows 2" LP="30" Details="Silver Bow, Aevis Killer" WhiteMage="0" Uhlan="0" Machinist="0" RedMage="0" Knight="0" Monk="0" TimeMage="0" Breaker="0" Archer="1" BlackMage="0" Samurai="0" Hunter="0" />
        <License BitIndex="68" Name="Bows 3" LP="35" Details="Killer Bow, Longbow" WhiteMage="0" Uhlan="0" Machinist="0" RedMage="0" Knight="0" Monk="0" TimeMage="0" Breaker="0" Archer="1" BlackMage="0" Samurai="0" Hunter="0" />
        <License BitIndex="69" Name="Bows 4" LP="45" Details="Elfin Bow, Loxley Bow" WhiteMage="0" Uhlan="0" Machinist="0" RedMage="0" Knight="0" Monk="0" TimeMage="0" Breaker="0" Archer="1" BlackMage="0" Samurai="0" Hunter="0" />
        <License BitIndex="70" Name="Bows 5" LP="60" Details="Giant Stonebow, Burning Bow" WhiteMage="0" Uhlan="0" Machinist="0" RedMage="0" Knight="0" Monk="0" TimeMage="0" Breaker="0" Archer="1" BlackMage="0" Samurai="0" Hunter="0" />
        <License BitIndex="71" Name="Bows 6" LP="70" Details="Traitor's Bow, Yoichi Bow" WhiteMage="0" Uhlan="0" Machinist="0" RedMage="0" Knight="0" Monk="0" TimeMage="0" Breaker="0" Archer="1" BlackMage="0" Samurai="0" Hunter="0" />
        <License BitIndex="340" Name="Bows 7" LP="90" Details="Perseus Bow, Artemis Bow" WhiteMage="0" Uhlan="0" Machinist="0" RedMage="0" Knight="0" Monk="0" TimeMage="0" Breaker="0" Archer="1" BlackMage="0" Samurai="0" Hunter="0" />
        <License BitIndex="72" Name="Sagittarius" LP="130" Details="Sagittarius" WhiteMage="0" Uhlan="0" Machinist="0" RedMage="0" Knight="0" Monk="0" TimeMage="0" Breaker="0" Archer="1" BlackMage="0" Samurai="0" Hunter="0" />
        <License BitIndex="341" Name="Sagittarius A" LP="200" Details="Sagittarius A" WhiteMage="0" Uhlan="0" Machinist="0" RedMage="0" Knight="0" Monk="0" TimeMage="0" Breaker="0" Archer="1" BlackMage="0" Samurai="0" Hunter="0" />
      </Group>
      <Group Name="Crossbows">
        <License BitIndex="73" Name="Crossbows 1" LP="25" Details="Bowgun, Crossbow" WhiteMage="0" Uhlan="0" Machinist="0" RedMage="0" Knight="0" Monk="0" TimeMage="1" Breaker="0" Archer="0" BlackMage="0" Samurai="0" Hunter="0" />
        <License BitIndex="74" Name="Crossbows 2" LP="40" Details="Paramina Crossbow, Recurve Crossbow" WhiteMage="0" Uhlan="0" Machinist="0" RedMage="0" Knight="0" Monk="0" TimeMage="1" Breaker="0" Archer="0" BlackMage="0" Samurai="0" Hunter="0" />
        <License BitIndex="75" Name="Crossbows 3" LP="60" Details="Hunting Crossbow, Penetrator Crossbow" WhiteMage="0" Uhlan="0" Machinist="0" RedMage="0" Knight="0" Monk="0" TimeMage="1" Breaker="0" Archer="0" BlackMage="0" Samurai="0" Hunter="0" />
        <License BitIndex="76" Name="Crossbows 4" LP="115" Details="Gastrophetes, Gastrophetes S" WhiteMage="0" Uhlan="0" Machinist="0" RedMage="0" Knight="0" Monk="0" TimeMage="1" Breaker="0" Archer="0" BlackMage="0" Samurai="0" Hunter="0" />
      </Group>
      <Group Name="Guns">
        <License BitIndex="77" Name="Guns 1" LP="30" Details="Altair" WhiteMage="0" Uhlan="0" Machinist="1" RedMage="0" Knight="0" Monk="0" TimeMage="0" Breaker="0" Archer="0" BlackMage="0" Samurai="0" Hunter="0" />
        <License BitIndex="78" Name="Guns 2" LP="50" Details="Capella, Vega" WhiteMage="0" Uhlan="0" Machinist="1" RedMage="0" Knight="0" Monk="0" TimeMage="0" Breaker="0" Archer="0" BlackMage="0" Samurai="0" Hunter="0" />
        <License BitIndex="79" Name="Guns 3" LP="60" Details="Sirius, Betelgeuse" WhiteMage="0" Uhlan="0" Machinist="1" RedMage="0" Knight="0" Monk="0" TimeMage="0" Breaker="0" Archer="0" BlackMage="0" Samurai="0" Hunter="0" />
        <License BitIndex="80" Name="Guns 4" LP="70" Details="Ras Algethi, Aldebaran" WhiteMage="0" Uhlan="0" Machinist="1" RedMage="0" Knight="0" Monk="0" TimeMage="0" Breaker="0" Archer="0" BlackMage="0" Samurai="0" Hunter="0" />
        <License BitIndex="81" Name="Guns 5" LP="90" Details="Spica, Antares" WhiteMage="0" Uhlan="0" Machinist="1" RedMage="0" Knight="0" Monk="0" TimeMage="0" Breaker="0" Archer="0" BlackMage="0" Samurai="0" Hunter="1" />
        <License BitIndex="82" Name="Guns 6" LP="110" Details="Arcturus, Fomalhaut" WhiteMage="0" Uhlan="0" Machinist="1" RedMage="0" Knight="0" Monk="0" TimeMage="0" Breaker="0" Archer="0" BlackMage="0" Samurai="0" Hunter="1" />
        <License BitIndex="342" Name="Guns 7" LP="190" Details="Aldebaran Y" WhiteMage="0" Uhlan="0" Machinist="1" RedMage="0" Knight="0" Monk="0" TimeMage="0" Breaker="0" Archer="0" BlackMage="0" Samurai="0" Hunter="0" />
      </Group>
      <Group Name="Axes &amp; Hammers">
        <License BitIndex="83" Name="Axes &amp; Hammers 1" LP="20" Details="Handaxe" WhiteMage="0" Uhlan="0" Machinist="0" RedMage="0" Knight="0" Monk="0" TimeMage="0" Breaker="1" Archer="0" BlackMage="0" Samurai="0" Hunter="0" />
        <License BitIndex="84" Name="Axes &amp; Hammers 2" LP="25" Details="Iron Hammer, Broadaxe" WhiteMage="0" Uhlan="0" Machinist="0" RedMage="0" Knight="0" Monk="0" TimeMage="0" Breaker="1" Archer="0" BlackMage="0" Samurai="0" Hunter="0" />
        <License BitIndex="85" Name="Axes &amp; Hammers 3" LP="35" Details="War Hammer, Slasher" WhiteMage="0" Uhlan="0" Machinist="0" RedMage="0" Knight="0" Monk="0" TimeMage="0" Breaker="1" Archer="0" BlackMage="0" Samurai="0" Hunter="0" />
        <License BitIndex="86" Name="Axes &amp; Hammers 4" LP="50" Details="Sledgehammer, Hammerhead" WhiteMage="0" Uhlan="0" Machinist="0" RedMage="0" Knight="0" Monk="0" TimeMage="0" Breaker="1" Archer="0" BlackMage="0" Samurai="0" Hunter="0" />
        <License BitIndex="87" Name="Axes &amp; Hammers 5" LP="60" Details="Francisca, Morning Star" WhiteMage="0" Uhlan="0" Machinist="0" RedMage="0" Knight="0" Monk="0" TimeMage="0" Breaker="1" Archer="0" BlackMage="0" Samurai="0" Hunter="0" />
        <License BitIndex="88" Name="Axes &amp; Hammers 6" LP="65" Details="Greataxe, Golden Axe" WhiteMage="0" Uhlan="0" Machinist="0" RedMage="0" Knight="0" Monk="0" TimeMage="0" Breaker="1" Archer="0" BlackMage="0" Samurai="0" Hunter="0" />
        <License BitIndex="89" Name="Axes &amp; Hammers 7" LP="85" Details="Scorpion Tail" WhiteMage="0" Uhlan="0" Machinist="0" RedMage="0" Knight="0" Monk="0" TimeMage="0" Breaker="1" Archer="0" BlackMage="0" Samurai="0" Hunter="0" />
        <License BitIndex="343" Name="Axes &amp; Hammers 8" LP="175" Details="Scorpion Tail F" WhiteMage="0" Uhlan="0" Machinist="0" RedMage="0" Knight="0" Monk="0" TimeMage="0" Breaker="1" Archer="0" BlackMage="0" Samurai="0" Hunter="0" />
      </Group>
      <Group Name="Daggers">
        <License BitIndex="90" Name="Daggers 1" LP="15" Details="Dagger" WhiteMage="0" Uhlan="0" Machinist="0" RedMage="0" Knight="0" Monk="0" TimeMage="0" Breaker="0" Archer="0" BlackMage="0" Samurai="0" Hunter="1" />
        <License BitIndex="91" Name="Daggers 2" LP="20" Details="Mage Masher, Assassin's Dagger" WhiteMage="0" Uhlan="0" Machinist="0" RedMage="0" Knight="0" Monk="0" TimeMage="0" Breaker="0" Archer="0" BlackMage="0" Samurai="0" Hunter="1" />
        <License BitIndex="92" Name="Daggers 3" LP="35" Details="Chopper, Main Gauche" WhiteMage="0" Uhlan="0" Machinist="0" RedMage="0" Knight="0" Monk="0" TimeMage="0" Breaker="0" Archer="0" BlackMage="0" Samurai="0" Hunter="1" />
        <License BitIndex="93" Name="Daggers 4" LP="45" Details="Gladius, Avenger" WhiteMage="0" Uhlan="0" Machinist="0" RedMage="0" Knight="0" Monk="0" TimeMage="0" Breaker="0" Archer="0" BlackMage="0" Samurai="0" Hunter="1" />
        <License BitIndex="94" Name="Daggers 5" LP="60" Details="Orichalcum Dirk, Platinum Dagger" WhiteMage="1" Uhlan="0" Machinist="0" RedMage="0" Knight="0" Monk="0" TimeMage="0" Breaker="0" Archer="0" BlackMage="0" Samurai="0" Hunter="1" />
        <License BitIndex="344" Name="Daggers 6" LP="80" Details="Zwill Crossblade" WhiteMage="0" Uhlan="0" Machinist="0" RedMage="0" Knight="0" Monk="0" TimeMage="0" Breaker="0" Archer="0" BlackMage="0" Samurai="0" Hunter="1" />
        <License BitIndex="95" Name="Hunters's Blade" LP="220" Details="Hunter's Blade, Hunter's Blade F" WhiteMage="0" Uhlan="0" Machinist="0" RedMage="0" Knight="0" Monk="0" TimeMage="0" Breaker="0" Archer="0" BlackMage="0" Samurai="0" Hunter="1" />
      </Group>
      <Group Name="Rods">
        <License BitIndex="96" Name="Rods 1" LP="20" Details="Rod, Serpent Rod" WhiteMage="1" Uhlan="0" Machinist="0" RedMage="0" Knight="0" Monk="0" TimeMage="0" Breaker="0" Archer="0" BlackMage="0" Samurai="0" Hunter="0" />
        <License BitIndex="97" Name="Rods 2" LP="30" Details="Healing Rod, Gaia Rod" WhiteMage="1" Uhlan="0" Machinist="0" RedMage="0" Knight="0" Monk="0" TimeMage="0" Breaker="0" Archer="0" BlackMage="0" Samurai="0" Hunter="0" />
        <License BitIndex="98" Name="Rods 3" LP="40" Details="Power Rod, Empyrean Rod" WhiteMage="1" Uhlan="0" Machinist="0" RedMage="0" Knight="0" Monk="0" TimeMage="0" Breaker="0" Archer="0" BlackMage="0" Samurai="0" Hunter="0" />
        <License BitIndex="99" Name="Rods 4" LP="50" Details="Holy Rod" WhiteMage="1" Uhlan="0" Machinist="0" RedMage="0" Knight="0" Monk="0" TimeMage="0" Breaker="0" Archer="0" BlackMage="0" Samurai="0" Hunter="0" />
        <License BitIndex="100" Name="Rod of Faith" LP="130" Details="Rod of Faith" WhiteMage="1" Uhlan="0" Machinist="0" RedMage="0" Knight="0" Monk="0" TimeMage="0" Breaker="0" Archer="0" BlackMage="0" Samurai="0" Hunter="0" />
      </Group>
      <Group Name="Staves">
        <License BitIndex="101" Name="Staves 1" LP="15" Details="Oak Staff" WhiteMage="0" Uhlan="0" Machinist="0" RedMage="0" Knight="0" Monk="0" TimeMage="0" Breaker="0" Archer="0" BlackMage="1" Samurai="0" Hunter="0" />
        <License BitIndex="102" Name="Staves 2" LP="25" Details="Cherry Staff, Wizard's Staff" WhiteMage="0" Uhlan="0" Machinist="0" RedMage="0" Knight="0" Monk="0" TimeMage="0" Breaker="0" Archer="0" BlackMage="1" Samurai="0" Hunter="0" />
        <License BitIndex="103" Name="Staves 3" LP="30" Details="Flame Staff, Storm Staff" WhiteMage="0" Uhlan="0" Machinist="0" RedMage="0" Knight="0" Monk="0" TimeMage="0" Breaker="0" Archer="0" BlackMage="1" Samurai="0" Hunter="0" />
        <License BitIndex="104" Name="Staves 4" LP="40" Details="Glacial Staff, Golden Staff" WhiteMage="0" Uhlan="0" Machinist="0" RedMage="0" Knight="0" Monk="0" TimeMage="0" Breaker="0" Archer="0" BlackMage="1" Samurai="0" Hunter="0" />
        <License BitIndex="345" Name="Staves 5" LP="65" Details="Judicer's Staff, Cloud Staff" WhiteMage="0" Uhlan="0" Machinist="0" RedMage="0" Knight="0" Monk="0" TimeMage="0" Breaker="0" Archer="0" BlackMage="1" Samurai="0" Hunter="0" />
        <License BitIndex="105" Name="Staff of the Magi" LP="110" Details="Staff of the Magi" WhiteMage="0" Uhlan="0" Machinist="0" RedMage="0" Knight="0" Monk="0" TimeMage="0" Breaker="0" Archer="0" BlackMage="1" Samurai="0" Hunter="0" />
      </Group>
      <Group Name="Maces">
        <License BitIndex="106" Name="Maces 1" LP="30" Details="Mace, Bronze Mace" WhiteMage="0" Uhlan="0" Machinist="0" RedMage="1" Knight="0" Monk="0" TimeMage="0" Breaker="0" Archer="0" BlackMage="0" Samurai="0" Hunter="0" />
        <License BitIndex="107" Name="Maces 2" LP="40" Details="Bhuj, Miter" WhiteMage="0" Uhlan="0" Machinist="0" RedMage="1" Knight="0" Monk="0" TimeMage="0" Breaker="0" Archer="0" BlackMage="0" Samurai="0" Hunter="0" />
        <License BitIndex="108" Name="Maces 3" LP="60" Details="Thorned Mace, Chaos Mace" WhiteMage="0" Uhlan="0" Machinist="0" RedMage="1" Knight="0" Monk="0" TimeMage="0" Breaker="0" Archer="0" BlackMage="0" Samurai="0" Hunter="0" />
        <License BitIndex="109" Name="Maces 4" LP="80" Details="Doom Mace, Zeus Mace" WhiteMage="0" Uhlan="0" Machinist="0" RedMage="1" Knight="0" Monk="0" TimeMage="0" Breaker="0" Archer="0" BlackMage="0" Samurai="0" Hunter="0" />
        <License BitIndex="110" Name="Maces 5" LP="130" Details="Grand Mace, Bone of Byblos" WhiteMage="0" Uhlan="0" Machinist="0" RedMage="1" Knight="0" Monk="0" TimeMage="0" Breaker="0" Archer="0" BlackMage="0" Samurai="0" Hunter="0" />
      </Group>
      <Group Name="Measures">
        <License BitIndex="111" Name="Measures 1" LP="40" Details="Gilt Measure" WhiteMage="0" Uhlan="0" Machinist="1" RedMage="0" Knight="0" Monk="0" TimeMage="0" Breaker="0" Archer="0" BlackMage="0" Samurai="0" Hunter="0" />
        <License BitIndex="112" Name="Measures 2" LP="50" Details="Arc Scale, Multiscale" WhiteMage="0" Uhlan="0" Machinist="1" RedMage="0" Knight="0" Monk="0" TimeMage="0" Breaker="0" Archer="0" BlackMage="0" Samurai="0" Hunter="0" />
        <License BitIndex="113" Name="Measures 3" LP="70" Details="Cross Scale, Caliper" WhiteMage="0" Uhlan="0" Machinist="1" RedMage="0" Knight="0" Monk="0" TimeMage="0" Breaker="0" Archer="0" BlackMage="0" Samurai="0" Hunter="0" />
        <License BitIndex="346" Name="Measures 4" LP="100" Details="Euclid's Sextant" WhiteMage="0" Uhlan="0" Machinist="1" RedMage="0" Knight="0" Monk="0" TimeMage="0" Breaker="0" Archer="0" BlackMage="0" Samurai="0" Hunter="0" />
      </Group>
      <Group Name="Hand-bombs">
        <License BitIndex="114" Name="Hand-bombs 1" LP="35" Details="Hornito" WhiteMage="0" Uhlan="0" Machinist="0" RedMage="0" Knight="0" Monk="0" TimeMage="0" Breaker="1" Archer="0" BlackMage="0" Samurai="0" Hunter="0" />
        <License BitIndex="115" Name="Hand-bombs 2" LP="55" Details="Fumarole, Tumulus" WhiteMage="0" Uhlan="0" Machinist="0" RedMage="0" Knight="0" Monk="0" TimeMage="0" Breaker="1" Archer="0" BlackMage="1" Samurai="0" Hunter="0" />
        <License BitIndex="116" Name="Hand-bombs 3" LP="75" Details="Caldera, Volcano" WhiteMage="0" Uhlan="0" Machinist="1" RedMage="0" Knight="0" Monk="0" TimeMage="0" Breaker="1" Archer="0" BlackMage="1" Samurai="0" Hunter="0" />
        <License BitIndex="347" Name="Hand-bombs 4" LP="105" Details="Volcano T" WhiteMage="0" Uhlan="0" Machinist="1" RedMage="0" Knight="0" Monk="0" TimeMage="0" Breaker="1" Archer="0" BlackMage="1" Samurai="0" Hunter="0" />
      </Group>
    </Group>
    <Group Name="Armor">
      <Group Name="Shields">
        <License BitIndex="117" Name="Shields 1" LP="15" Details="Leather Shield, Buckler" WhiteMage="0" Uhlan="0" Machinist="0" RedMage="1" Knight="1" Monk="0" TimeMage="0" Breaker="1" Archer="0" BlackMage="0" Samurai="0" Hunter="0" />
        <License BitIndex="118" Name="Shields 2" LP="20" Details="Bronze Shield, Round Shield" WhiteMage="0" Uhlan="0" Machinist="0" RedMage="1" Knight="1" Monk="0" TimeMage="0" Breaker="1" Archer="0" BlackMage="0" Samurai="0" Hunter="1" />
        <License BitIndex="119" Name="Shields 3" LP="25" Details="Golden Shield, Ice Shield, Flame Shield" WhiteMage="0" Uhlan="0" Machinist="0" RedMage="1" Knight="1" Monk="0" TimeMage="0" Breaker="1" Archer="0" BlackMage="0" Samurai="0" Hunter="1" />
        <License BitIndex="120" Name="Shields 4" LP="30" Details="Diamond Shield, Platinum Shield, Dragon Shield" WhiteMage="0" Uhlan="0" Machinist="0" RedMage="1" Knight="1" Monk="0" TimeMage="0" Breaker="1" Archer="0" BlackMage="0" Samurai="0" Hunter="1" />
        <License BitIndex="121" Name="Shields 5" LP="35" Details="Crystal Shield, Kaiser Shield" WhiteMage="0" Uhlan="0" Machinist="0" RedMage="1" Knight="1" Monk="0" TimeMage="0" Breaker="1" Archer="0" BlackMage="0" Samurai="0" Hunter="1" />
        <License BitIndex="122" Name="Shields 6" LP="40" Details="Aegis Shield, Demon Shield" WhiteMage="0" Uhlan="0" Machinist="0" RedMage="1" Knight="1" Monk="0" TimeMage="0" Breaker="1" Archer="0" BlackMage="0" Samurai="0" Hunter="1" />
        <License BitIndex="348" Name="Shields 7" LP="65" Details="Venetian Shield" WhiteMage="0" Uhlan="0" Machinist="0" RedMage="1" Knight="1" Monk="0" TimeMage="0" Breaker="1" Archer="0" BlackMage="0" Samurai="0" Hunter="1" />
        <License BitIndex="124" Name="Shell Shield" LP="90" Details="Shell Shield" WhiteMage="0" Uhlan="0" Machinist="0" RedMage="1" Knight="1" Monk="0" TimeMage="0" Breaker="1" Archer="0" BlackMage="0" Samurai="0" Hunter="0" />
        <License BitIndex="123" Name="Ensanguined Shield" LP="100" Details="Ensanguined Shield" WhiteMage="0" Uhlan="0" Machinist="0" RedMage="1" Knight="1" Monk="0" TimeMage="0" Breaker="1" Archer="0" BlackMage="0" Samurai="0" Hunter="0" />
        <License BitIndex="125" Name="Zodiac Escutcheon" LP="235" Details="Zodiac Escutcheon" WhiteMage="0" Uhlan="0" Machinist="0" RedMage="1" Knight="1" Monk="0" TimeMage="0" Breaker="1" Archer="0" BlackMage="0" Samurai="0" Hunter="0" />
      </Group>
      <Group Name="Heavy Armor">
        <License BitIndex="126" Name="Heavy Armor 1" LP="25" Details="Leather Helm, Leather Armor, Bronze Helm, Bronze Armor" WhiteMage="0" Uhlan="1" Machinist="0" RedMage="0" Knight="1" Monk="0" TimeMage="1" Breaker="1" Archer="0" BlackMage="0" Samurai="0" Hunter="0" />
        <License BitIndex="127" Name="Heavy Armor 2" LP="30" Details="Sallet, Scale Armor, Iron Helm, Iron Armor" WhiteMage="0" Uhlan="1" Machinist="0" RedMage="0" Knight="1" Monk="0" TimeMage="1" Breaker="1" Archer="0" BlackMage="0" Samurai="0" Hunter="0" />
        <License BitIndex="128" Name="Heavy Armor 3" LP="35" Details="Barbut, Linen Cuirass, Winged Helm, Chainmail" WhiteMage="0" Uhlan="1" Machinist="0" RedMage="0" Knight="1" Monk="0" TimeMage="1" Breaker="1" Archer="0" BlackMage="0" Samurai="0" Hunter="0" />
        <License BitIndex="129" Name="Heavy Armor 4" LP="40" Details="Golden Helm, Golden Armor, Burgonet, Shielded Armor" WhiteMage="0" Uhlan="1" Machinist="0" RedMage="0" Knight="1" Monk="0" TimeMage="1" Breaker="1" Archer="0" BlackMage="0" Samurai="0" Hunter="0" />
        <License BitIndex="130" Name="Heavy Armor 5" LP="50" Details="Close Helmet, Demon Mail, Bone Helm, Bone Mail" WhiteMage="0" Uhlan="1" Machinist="0" RedMage="0" Knight="1" Monk="0" TimeMage="1" Breaker="1" Archer="0" BlackMage="0" Samurai="0" Hunter="0" />
        <License BitIndex="131" Name="Heavy Armor 6" LP="55" Details="Diamond Helm, Diamond Armor" WhiteMage="0" Uhlan="1" Machinist="0" RedMage="0" Knight="1" Monk="0" TimeMage="1" Breaker="1" Archer="0" BlackMage="0" Samurai="0" Hunter="0" />
        <License BitIndex="132" Name="Heavy Armor 7" LP="60" Details="Steel Mask, Mirror Mail" WhiteMage="0" Uhlan="1" Machinist="0" RedMage="0" Knight="1" Monk="0" TimeMage="1" Breaker="1" Archer="0" BlackMage="1" Samurai="0" Hunter="0" />
        <License BitIndex="133" Name="Heavy Armor 8" LP="65" Details="Platinum Helm, Platinum Armor" WhiteMage="0" Uhlan="1" Machinist="0" RedMage="1" Knight="1" Monk="0" TimeMage="1" Breaker="1" Archer="0" BlackMage="1" Samurai="0" Hunter="0" />
        <License BitIndex="134" Name="Heavy Armor 9" LP="70" Details="Giant's Helmet, Carabineer Mail" WhiteMage="0" Uhlan="1" Machinist="0" RedMage="1" Knight="1" Monk="0" TimeMage="1" Breaker="1" Archer="0" BlackMage="1" Samurai="1" Hunter="0" />
        <License BitIndex="135" Name="Heavy Armor 10" LP="80" Details="Dragon Helm, Dragon Mail" WhiteMage="0" Uhlan="1" Machinist="0" RedMage="1" Knight="1" Monk="0" TimeMage="1" Breaker="1" Archer="1" BlackMage="0" Samurai="1" Hunter="0" />
        <License BitIndex="349" Name="Heavy Armor 11" LP="90" Details="Magepower Shishak, Maximillian" WhiteMage="0" Uhlan="1" Machinist="0" RedMage="0" Knight="1" Monk="0" TimeMage="1" Breaker="1" Archer="1" BlackMage="0" Samurai="1" Hunter="0" />
        <License BitIndex="350" Name="Heavy Armor 12" LP="110" Details="Grand Helm, Grand Armor" WhiteMage="0" Uhlan="1" Machinist="0" RedMage="0" Knight="1" Monk="0" TimeMage="1" Breaker="1" Archer="1" BlackMage="0" Samurai="0" Hunter="0" />
      </Group>
      <License BitIndex="136" Name="Genji Armor" LP="190" Details="Genji Shield, Genji Helm, Genji Armor, Genji Gloves" WhiteMage="0" Uhlan="0" Machinist="0" RedMage="0" Knight="1" Monk="0" TimeMage="0" Breaker="1" Archer="0" BlackMage="0" Samurai="1" Hunter="0" />
      <Group Name="Light Armor">
        <License BitIndex="137" Name="Light Armor 1" LP="10" Details="Leather Cap, Leather Clothing" WhiteMage="0" Uhlan="0" Machinist="1" RedMage="0" Knight="0" Monk="1" TimeMage="0" Breaker="0" Archer="1" BlackMage="0" Samurai="0" Hunter="1" />
        <License BitIndex="138" Name="Light Armor 2" LP="15" Details="Headgear, Chromed Leathers, Headguard, Leather Breastplate" WhiteMage="0" Uhlan="0" Machinist="1" RedMage="0" Knight="0" Monk="1" TimeMage="0" Breaker="0" Archer="1" BlackMage="0" Samurai="0" Hunter="1" />
        <License BitIndex="139" Name="Light Armor 3" LP="20" Details="Leather Headgear, Bronze Chestplate, Horned Hat, Ringmail" WhiteMage="0" Uhlan="0" Machinist="1" RedMage="0" Knight="0" Monk="1" TimeMage="0" Breaker="0" Archer="1" BlackMage="0" Samurai="0" Hunter="1" />
        <License BitIndex="140" Name="Light Armor 4" LP="25" Details="Balaclava, Windbreaker, Soldier's Cap, Heavy Coat" WhiteMage="0" Uhlan="0" Machinist="1" RedMage="0" Knight="0" Monk="1" TimeMage="0" Breaker="0" Archer="1" BlackMage="0" Samurai="0" Hunter="1" />
        <License BitIndex="141" Name="Light Armor 5" LP="30" Details="Green Beret, Survival Vest, Red Cap, Brigandine" WhiteMage="0" Uhlan="0" Machinist="1" RedMage="0" Knight="0" Monk="1" TimeMage="0" Breaker="0" Archer="1" BlackMage="0" Samurai="0" Hunter="1" />
        <License BitIndex="142" Name="Light Armor 6" LP="40" Details="Headband, Jujitsu Gi, PirateHat, Viking Coat" WhiteMage="0" Uhlan="0" Machinist="1" RedMage="0" Knight="0" Monk="1" TimeMage="0" Breaker="0" Archer="1" BlackMage="0" Samurai="0" Hunter="1" />
        <License BitIndex="143" Name="Light Armor 7" LP="50" Details="Goggle Mask, Metal Jerkin, Adamant Hat, Adamant Vest" WhiteMage="0" Uhlan="0" Machinist="1" RedMage="0" Knight="0" Monk="1" TimeMage="0" Breaker="0" Archer="1" BlackMage="0" Samurai="0" Hunter="1" />
        <License BitIndex="144" Name="Light Armor 8" LP="60" Details="Officer's Hat, Barrel Coat, Chakra Band, Power Vest" WhiteMage="0" Uhlan="0" Machinist="1" RedMage="0" Knight="0" Monk="1" TimeMage="0" Breaker="0" Archer="1" BlackMage="0" Samurai="0" Hunter="1" />
        <License BitIndex="145" Name="Light Armor 9" LP="70" Details="Thief's Cap, Ninja Gear, Gigas Hat, Gigas Chestplate" WhiteMage="0" Uhlan="0" Machinist="1" RedMage="0" Knight="0" Monk="1" TimeMage="0" Breaker="0" Archer="1" BlackMage="0" Samurai="0" Hunter="1" />
        <License BitIndex="146" Name="Light Armor 10" LP="75" Details="Chaperon, Minerva Bustier" WhiteMage="0" Uhlan="0" Machinist="1" RedMage="0" Knight="0" Monk="1" TimeMage="0" Breaker="0" Archer="1" BlackMage="0" Samurai="0" Hunter="1" />
        <License BitIndex="147" Name="Light Armor 11" LP="80" Details="Crown of Laurels, Rubber Suit" WhiteMage="0" Uhlan="0" Machinist="1" RedMage="0" Knight="0" Monk="1" TimeMage="0" Breaker="0" Archer="1" BlackMage="0" Samurai="0" Hunter="1" />
        <License BitIndex="148" Name="Light Armor 12" LP="90" Details="Renewing Morion, Mirage Vest" WhiteMage="0" Uhlan="0" Machinist="1" RedMage="0" Knight="0" Monk="1" TimeMage="0" Breaker="0" Archer="1" BlackMage="0" Samurai="0" Hunter="1" />
        <License BitIndex="351" Name="Light Armor 13" LP="110" Details="Dueling Mask, Brave Suit" WhiteMage="0" Uhlan="0" Machinist="1" RedMage="0" Knight="0" Monk="1" TimeMage="0" Breaker="0" Archer="1" BlackMage="0" Samurai="0" Hunter="1" />
      </Group>
      <Group Name="Mystic Armor">
        <License BitIndex="149" Name="Mystic Armor 1" LP="10" Details="Cotton Cap, Cotton Shirt, Magick Curch, Light Woven Shirt" WhiteMage="1" Uhlan="0" Machinist="0" RedMage="1" Knight="0" Monk="0" TimeMage="0" Breaker="0" Archer="0" BlackMage="1" Samurai="1" Hunter="0" />
        <License BitIndex="150" Name="Mystic Armor 2" LP="15" Details="Pointy Hat, Silken Shirt, Topkapi Hat, Kilimweave Shirt" WhiteMage="1" Uhlan="0" Machinist="0" RedMage="1" Knight="0" Monk="0" TimeMage="0" Breaker="0" Archer="0" BlackMage="1" Samurai="1" Hunter="0" />
        <License BitIndex="151" Name="Mystic Armor 3" LP="20" Details="Calot Hat, Shepherd's Bolero, Wizard's Hat, Wizard's Robes" WhiteMage="1" Uhlan="0" Machinist="0" RedMage="1" Knight="0" Monk="0" TimeMage="0" Breaker="0" Archer="0" BlackMage="1" Samurai="1" Hunter="0" />
        <License BitIndex="152" Name="Mystic Armor 4" LP="25" Details="Lambent Hat, Chanter's Djellaba, Feathered Cap, Traveler's Vestment" WhiteMage="1" Uhlan="0" Machinist="0" RedMage="1" Knight="0" Monk="0" TimeMage="0" Breaker="0" Archer="0" BlackMage="1" Samurai="1" Hunter="0" />
        <License BitIndex="153" Name="Mystic Armor 5" LP="30" Details="Mage's Hat, Mage's Habit, Lamia's Tiara, Enchanter's Habit" WhiteMage="1" Uhlan="0" Machinist="0" RedMage="1" Knight="0" Monk="0" TimeMage="0" Breaker="0" Archer="0" BlackMage="1" Samurai="1" Hunter="0" />
        <License BitIndex="154" Name="Mystic Armor 6" LP="40" Details="Sorcerer's Hat, Sorcerer's Habit, Black Cowl, Black Garb" WhiteMage="1" Uhlan="0" Machinist="0" RedMage="1" Knight="0" Monk="0" TimeMage="0" Breaker="0" Archer="0" BlackMage="1" Samurai="1" Hunter="0" />
        <License BitIndex="155" Name="Mystic Armor 7" LP="50" Details="Astrakhan Hat, Carmagnole, Gaia Hat, Maduin Gear" WhiteMage="1" Uhlan="0" Machinist="0" RedMage="1" Knight="0" Monk="0" TimeMage="0" Breaker="0" Archer="0" BlackMage="1" Samurai="1" Hunter="0" />
        <License BitIndex="156" Name="Mystic Armor 8" LP="60" Details="Hypnocrown, Jade Gown, Gold Hairpin, Gaia Gear" WhiteMage="1" Uhlan="0" Machinist="0" RedMage="1" Knight="0" Monk="0" TimeMage="0" Breaker="0" Archer="0" BlackMage="1" Samurai="1" Hunter="0" />
        <License BitIndex="157" Name="Mystic Armor 9" LP="70" Details="Celebrant's Miter, Cleric's Robes" WhiteMage="1" Uhlan="0" Machinist="0" RedMage="1" Knight="0" Monk="0" TimeMage="0" Breaker="0" Archer="0" BlackMage="1" Samurai="1" Hunter="0" />
        <License BitIndex="158" Name="Mystic Armor 10" LP="75" Details="Black Mask, Black Robes" WhiteMage="1" Uhlan="0" Machinist="0" RedMage="1" Knight="0" Monk="0" TimeMage="0" Breaker="0" Archer="0" BlackMage="1" Samurai="1" Hunter="0" />
        <License BitIndex="159" Name="Mystic Armor 11" LP="80" Details="White Mask, White Robes" WhiteMage="1" Uhlan="0" Machinist="0" RedMage="1" Knight="0" Monk="0" TimeMage="0" Breaker="0" Archer="0" BlackMage="1" Samurai="1" Hunter="0" />
        <License BitIndex="160" Name="Mystic Armor 12" LP="90" Details="Golden Skullcap, Glimmering Robes" WhiteMage="1" Uhlan="0" Machinist="0" RedMage="1" Knight="0" Monk="0" TimeMage="0" Breaker="0" Archer="0" BlackMage="1" Samurai="1" Hunter="0" />
        <License BitIndex="352" Name="Mystic Armor 13" LP="110" Details="Circlet, Lordly Robes" WhiteMage="1" Uhlan="0" Machinist="0" RedMage="1" Knight="0" Monk="0" TimeMage="0" Breaker="0" Archer="0" BlackMage="1" Samurai="1" Hunter="0" />
      </Group>
    </Group>
    <Group Name="Accessories">
      <License BitIndex="161" Name="Accessories 1" LP="5" Details="Orrachea Armlet" WhiteMage="1" Uhlan="1" Machinist="1" RedMage="1" Knight="1" Monk="1" TimeMage="1" Breaker="1" Archer="1" BlackMage="1" Samurai="1" Hunter="1" />
      <License BitIndex="162" Name="Accessories 2" LP="20" Details="Firefly, Bangle" WhiteMage="1" Uhlan="1" Machinist="1" RedMage="1" Knight="1" Monk="1" TimeMage="1" Breaker="1" Archer="1" BlackMage="1" Samurai="1" Hunter="1" />
      <License BitIndex="163" Name="Accessories 3" LP="25" Details="Diamond Armlet, Argyle Armlet" WhiteMage="1" Uhlan="1" Machinist="1" RedMage="1" Knight="1" Monk="1" TimeMage="1" Breaker="1" Archer="1" BlackMage="1" Samurai="1" Hunter="1" />
      <License BitIndex="164" Name="Accessories 4" LP="35" Details="Battle Harness, Steel Gorget" WhiteMage="1" Uhlan="1" Machinist="1" RedMage="1" Knight="1" Monk="1" TimeMage="1" Breaker="1" Archer="1" BlackMage="1" Samurai="1" Hunter="1" />
      <License BitIndex="165" Name="Accessories 5" LP="35" Details="Embroidered Tippet, Tourmaline Ring" WhiteMage="1" Uhlan="1" Machinist="1" RedMage="1" Knight="1" Monk="1" TimeMage="1" Breaker="1" Archer="1" BlackMage="1" Samurai="1" Hunter="1" />
      <License BitIndex="166" Name="Accessories 6" LP="35" Details="Golden Amulet, Leather Gorget" WhiteMage="1" Uhlan="1" Machinist="1" RedMage="1" Knight="1" Monk="1" TimeMage="1" Breaker="1" Archer="1" BlackMage="1" Samurai="1" Hunter="1" />
      <License BitIndex="167" Name="Accessories 7" LP="40" Details="Turtleshell Choker, Rose Corsage" WhiteMage="1" Uhlan="1" Machinist="1" RedMage="1" Knight="1" Monk="1" TimeMage="1" Breaker="1" Archer="1" BlackMage="1" Samurai="1" Hunter="1" />
      <License BitIndex="168" Name="Accessories 8" LP="45" Details="Thief's Cuffs, Gauntlets" WhiteMage="1" Uhlan="1" Machinist="1" RedMage="1" Knight="1" Monk="1" TimeMage="1" Breaker="1" Archer="1" BlackMage="1" Samurai="1" Hunter="1" />
      <License BitIndex="169" Name="Accessories 9" LP="30" Details="Amber Armlet, Black Belt" WhiteMage="1" Uhlan="1" Machinist="1" RedMage="1" Knight="1" Monk="1" TimeMage="1" Breaker="1" Archer="1" BlackMage="1" Samurai="1" Hunter="1" />
      <License BitIndex="170" Name="Accessories 10" LP="40" Details="Jade Collar, Nishijin Belt" WhiteMage="1" Uhlan="1" Machinist="1" RedMage="1" Knight="1" Monk="1" TimeMage="1" Breaker="1" Archer="1" BlackMage="1" Samurai="1" Hunter="1" />
      <License BitIndex="171" Name="Accessories 11" LP="45" Details="Pheasant Netsuke, Blazer Gloves" WhiteMage="1" Uhlan="1" Machinist="1" RedMage="1" Knight="1" Monk="1" TimeMage="1" Breaker="1" Archer="1" BlackMage="1" Samurai="1" Hunter="1" />
      <License BitIndex="172" Name="Accessories 12" LP="60" Details="Gillie Boots, Steel Poleyns" WhiteMage="1" Uhlan="1" Machinist="1" RedMage="1" Knight="1" Monk="1" TimeMage="1" Breaker="1" Archer="1" BlackMage="1" Samurai="1" Hunter="1" />
      <License BitIndex="173" Name="Accessories 13" LP="60" Details="Armguard, Magick Gloves" WhiteMage="1" Uhlan="1" Machinist="1" RedMage="1" Knight="1" Monk="1" TimeMage="1" Breaker="1" Archer="1" BlackMage="1" Samurai="1" Hunter="1" />
      <License BitIndex="174" Name="Accessories 14" LP="70" Details="Sage's Ring, Agate Ring" WhiteMage="1" Uhlan="1" Machinist="1" RedMage="1" Knight="1" Monk="1" TimeMage="1" Breaker="1" Archer="1" BlackMage="1" Samurai="1" Hunter="1" />
      <License BitIndex="175" Name="Accessories 15" LP="70" Details="Ruby Ring, Bowline Sash" WhiteMage="1" Uhlan="1" Machinist="1" RedMage="1" Knight="1" Monk="1" TimeMage="1" Breaker="1" Archer="1" BlackMage="1" Samurai="1" Hunter="1" />
      <License BitIndex="176" Name="Accessories 16" LP="70" Details="Cameo Belt, Cat-ear Hood" WhiteMage="1" Uhlan="1" Machinist="1" RedMage="1" Knight="1" Monk="1" TimeMage="1" Breaker="1" Archer="1" BlackMage="1" Samurai="1" Hunter="1" />
      <License BitIndex="177" Name="Accessories 17" LP="80" Details="Bubble Belt, Fuzzy Miter" WhiteMage="1" Uhlan="1" Machinist="1" RedMage="1" Knight="1" Monk="1" TimeMage="1" Breaker="1" Archer="1" BlackMage="1" Samurai="1" Hunter="1" />
      <License BitIndex="178" Name="Accessories 18" LP="80" Details="Sash, Power Armlet" WhiteMage="1" Uhlan="1" Machinist="1" RedMage="1" Knight="1" Monk="1" TimeMage="1" Breaker="1" Archer="1" BlackMage="1" Samurai="1" Hunter="1" />
      <License BitIndex="179" Name="Accessories 19" LP="100" Details="Indigo Pendant, Winged Boots" WhiteMage="1" Uhlan="1" Machinist="1" RedMage="1" Knight="1" Monk="1" TimeMage="1" Breaker="1" Archer="1" BlackMage="1" Samurai="1" Hunter="1" />
      <License BitIndex="180" Name="Accessories 20" LP="115" Details="Opal Ring, Hermes Sandals" WhiteMage="1" Uhlan="1" Machinist="1" RedMage="1" Knight="1" Monk="1" TimeMage="1" Breaker="1" Archer="1" BlackMage="1" Samurai="1" Hunter="1" />
      <License BitIndex="353" Name="Accessories 21" LP="130" Details="Quasimodo Boots, Nihopalaoa" WhiteMage="1" Uhlan="1" Machinist="1" RedMage="1" Knight="1" Monk="1" TimeMage="1" Breaker="1" Archer="1" BlackMage="1" Samurai="1" Hunter="1" />
      <License BitIndex="354" Name="Accessories 22" LP="160" Details="Jackboots, Ring of Renewal" WhiteMage="1" Uhlan="1" Machinist="1" RedMage="1" Knight="1" Monk="1" TimeMage="1" Breaker="1" Archer="1" BlackMage="1" Samurai="1" Hunter="1" />
      <License BitIndex="181" Name="Ribbon" LP="215" Details="Ribbon" WhiteMage="1" Uhlan="1" Machinist="1" RedMage="1" Knight="1" Monk="1" TimeMage="1" Breaker="1" Archer="1" BlackMage="1" Samurai="1" Hunter="1" />
    </Group>
    <Group Name="Magicks">
      <Group Name="White Magick">
        <License BitIndex="182" Name="White Magick 1" LP="15" Details="Cure, Blindna" WhiteMage="1" Uhlan="0" Machinist="0" RedMage="0" Knight="0" Monk="0" TimeMage="0" Breaker="0" Archer="0" BlackMage="0" Samurai="0" Hunter="0" />
        <License BitIndex="183" Name="White Magick 2" LP="20" Details="Vox, Poisona" WhiteMage="1" Uhlan="0" Machinist="0" RedMage="1" Knight="0" Monk="0" TimeMage="0" Breaker="0" Archer="0" BlackMage="0" Samurai="0" Hunter="0" />
        <License BitIndex="184" Name="White Magick 3" LP="25" Details="Protect, Shell" WhiteMage="1" Uhlan="0" Machinist="0" RedMage="1" Knight="0" Monk="0" TimeMage="0" Breaker="0" Archer="0" BlackMage="0" Samurai="0" Hunter="0" />
        <License BitIndex="185" Name="White Magick 4" LP="30" Details="Cura, Raise" WhiteMage="1" Uhlan="0" Machinist="0" RedMage="1" Knight="0" Monk="1" TimeMage="1" Breaker="0" Archer="1" BlackMage="0" Samurai="0" Hunter="0" />
        <License BitIndex="186" Name="White Magick 5" LP="40" Details="Dispel, Stona" WhiteMage="1" Uhlan="0" Machinist="0" RedMage="1" Knight="0" Monk="0" TimeMage="0" Breaker="0" Archer="0" BlackMage="0" Samurai="0" Hunter="0" />
        <License BitIndex="187" Name="White Magick 6" LP="50" Details="Curaga, Regen" WhiteMage="1" Uhlan="0" Machinist="0" RedMage="1" Knight="1" Monk="0" TimeMage="0" Breaker="0" Archer="0" BlackMage="0" Samurai="0" Hunter="0" />
        <License BitIndex="188" Name="White Magick 7" LP="60" Details="Cleanse, Esuna" WhiteMage="1" Uhlan="0" Machinist="0" RedMage="1" Knight="1" Monk="0" TimeMage="0" Breaker="0" Archer="0" BlackMage="0" Samurai="0" Hunter="0" />
        <License BitIndex="189" Name="White Magick 8" LP="70" Details="Confuse, Faith" WhiteMage="1" Uhlan="0" Machinist="0" RedMage="0" Knight="1" Monk="0" TimeMage="0" Breaker="0" Archer="0" BlackMage="0" Samurai="0" Hunter="0" />
        <License BitIndex="355" Name="White Magick 9" LP="80" Details="Bravery, Curaja" WhiteMage="1" Uhlan="0" Machinist="0" RedMage="0" Knight="1" Monk="1" TimeMage="0" Breaker="0" Archer="0" BlackMage="0" Samurai="0" Hunter="0" />
        <License BitIndex="208" Name="White Magick 10" LP="90" Details="Dispelga, Arise" WhiteMage="1" Uhlan="0" Machinist="0" RedMage="0" Knight="0" Monk="1" TimeMage="0" Breaker="0" Archer="0" BlackMage="0" Samurai="0" Hunter="0" />
        <License BitIndex="209" Name="White Magick 11" LP="100" Details="Holy, Esunaga" WhiteMage="1" Uhlan="0" Machinist="0" RedMage="0" Knight="0" Monk="1" TimeMage="0" Breaker="0" Archer="0" BlackMage="0" Samurai="0" Hunter="0" />
        <License BitIndex="210" Name="White Magick 12" LP="110" Details="Protectga, Shellga" WhiteMage="1" Uhlan="0" Machinist="0" RedMage="0" Knight="0" Monk="1" TimeMage="0" Breaker="0" Archer="0" BlackMage="0" Samurai="0" Hunter="1" />
        <License BitIndex="211" Name="White Magick 13" LP="155" Details="Renew" WhiteMage="1" Uhlan="0" Machinist="0" RedMage="0" Knight="0" Monk="1" TimeMage="0" Breaker="0" Archer="0" BlackMage="0" Samurai="0" Hunter="0" />
      </Group>
      <Group Name="Black Magick">
        <License BitIndex="190" Name="Black Magick 1" LP="15" Details="Fire, Thunder" WhiteMage="0" Uhlan="0" Machinist="0" RedMage="0" Knight="0" Monk="0" TimeMage="0" Breaker="0" Archer="0" BlackMage="1" Samurai="0" Hunter="0" />
        <License BitIndex="191" Name="Black Magick 2" LP="20" Details="Blizzard, Blind" WhiteMage="0" Uhlan="0" Machinist="0" RedMage="0" Knight="0" Monk="0" TimeMage="0" Breaker="0" Archer="0" BlackMage="1" Samurai="0" Hunter="0" />
        <License BitIndex="192" Name="Black Magick 3" LP="25" Details="Water, Silence" WhiteMage="0" Uhlan="0" Machinist="0" RedMage="1" Knight="0" Monk="0" TimeMage="0" Breaker="0" Archer="0" BlackMage="1" Samurai="0" Hunter="0" />
        <License BitIndex="193" Name="Black Magick 4" LP="30" Details="Aero, Sleep" WhiteMage="0" Uhlan="0" Machinist="0" RedMage="1" Knight="0" Monk="0" TimeMage="0" Breaker="0" Archer="0" BlackMage="1" Samurai="0" Hunter="0" />
        <License BitIndex="194" Name="Black Magick 5" LP="40" Details="Fira, Poison" WhiteMage="0" Uhlan="1" Machinist="0" RedMage="1" Knight="0" Monk="0" TimeMage="0" Breaker="0" Archer="0" BlackMage="1" Samurai="0" Hunter="0" />
        <License BitIndex="195" Name="Black Magick 6" LP="50" Details="Thundara, Blizzara" WhiteMage="0" Uhlan="1" Machinist="0" RedMage="1" Knight="0" Monk="0" TimeMage="0" Breaker="0" Archer="0" BlackMage="1" Samurai="0" Hunter="0" />
        <License BitIndex="196" Name="Black Magick 7" LP="60" Details="Bio, Blindga" WhiteMage="0" Uhlan="1" Machinist="0" RedMage="0" Knight="0" Monk="0" TimeMage="0" Breaker="0" Archer="0" BlackMage="1" Samurai="0" Hunter="0" />
        <License BitIndex="197" Name="Black Magick 8" LP="70" Details="Aeroga, Silencega" WhiteMage="0" Uhlan="1" Machinist="0" RedMage="0" Knight="0" Monk="0" TimeMage="0" Breaker="0" Archer="0" BlackMage="1" Samurai="0" Hunter="0" />
        <License BitIndex="356" Name="Black Magick 9" LP="90" Details="Firaga, Thundaga" WhiteMage="0" Uhlan="0" Machinist="0" RedMage="1" Knight="0" Monk="0" TimeMage="0" Breaker="0" Archer="0" BlackMage="1" Samurai="0" Hunter="0" />
        <License BitIndex="358" Name="Black Magick 10" LP="90" Details="Blizzaga, Sleepga" WhiteMage="0" Uhlan="0" Machinist="0" RedMage="1" Knight="0" Monk="0" TimeMage="0" Breaker="0" Archer="0" BlackMage="1" Samurai="0" Hunter="0" />
        <License BitIndex="215" Name="Black Magick 11" LP="100" Details="Shock, Toxify" WhiteMage="0" Uhlan="0" Machinist="0" RedMage="0" Knight="0" Monk="0" TimeMage="0" Breaker="0" Archer="0" BlackMage="1" Samurai="0" Hunter="0" />
        <License BitIndex="216" Name="Black Magick 12" LP="120" Details="Scourge, Flare" WhiteMage="0" Uhlan="0" Machinist="0" RedMage="0" Knight="0" Monk="0" TimeMage="0" Breaker="0" Archer="0" BlackMage="1" Samurai="0" Hunter="0" />
        <License BitIndex="217" Name="Black Magick 13" LP="165" Details="Scathe" WhiteMage="0" Uhlan="0" Machinist="0" RedMage="0" Knight="0" Monk="0" TimeMage="0" Breaker="0" Archer="0" BlackMage="1" Samurai="0" Hunter="0" />
      </Group>
      <Group Name="Time Magick">
        <License BitIndex="198" Name="Time Magick 1" LP="20" Details="Slow, Immobilize" WhiteMage="0" Uhlan="0" Machinist="0" RedMage="1" Knight="0" Monk="0" TimeMage="1" Breaker="0" Archer="0" BlackMage="0" Samurai="0" Hunter="0" />
        <License BitIndex="199" Name="Time Magick 2" LP="30" Details="Reflect, Disable" WhiteMage="0" Uhlan="0" Machinist="0" RedMage="1" Knight="0" Monk="0" TimeMage="1" Breaker="0" Archer="0" BlackMage="0" Samurai="0" Hunter="0" />
        <License BitIndex="200" Name="Time Magick 3" LP="40" Details="Vanish, Balance" WhiteMage="0" Uhlan="0" Machinist="0" RedMage="1" Knight="0" Monk="0" TimeMage="1" Breaker="0" Archer="0" BlackMage="0" Samurai="0" Hunter="0" />
        <License BitIndex="201" Name="Time Magick 4" LP="50" Details="Gravity, Haste" WhiteMage="0" Uhlan="0" Machinist="0" RedMage="0" Knight="0" Monk="0" TimeMage="1" Breaker="0" Archer="0" BlackMage="0" Samurai="0" Hunter="0" />
        <License BitIndex="202" Name="Time Magick 5" LP="60" Details="Stop, Bleed" WhiteMage="0" Uhlan="0" Machinist="0" RedMage="0" Knight="0" Monk="0" TimeMage="1" Breaker="0" Archer="0" BlackMage="0" Samurai="0" Hunter="0" />
        <License BitIndex="203" Name="Time Magick 6" LP="70" Details="Break, Countdown" WhiteMage="0" Uhlan="0" Machinist="0" RedMage="0" Knight="0" Monk="0" TimeMage="1" Breaker="0" Archer="0" BlackMage="0" Samurai="0" Hunter="0" />
        <License BitIndex="204" Name="Time Magick 7" LP="80" Details="Float, Berserk" WhiteMage="0" Uhlan="0" Machinist="0" RedMage="0" Knight="0" Monk="0" TimeMage="1" Breaker="0" Archer="0" BlackMage="0" Samurai="0" Hunter="0" />
        <License BitIndex="357" Name="Time Magick 8" LP="90" Details="Vanishga, Warp" WhiteMage="0" Uhlan="0" Machinist="1" RedMage="0" Knight="0" Monk="0" TimeMage="1" Breaker="0" Archer="0" BlackMage="0" Samurai="0" Hunter="0" />
        <License BitIndex="218" Name="Time Magick 9" LP="100" Details="Reflectga, Slowga" WhiteMage="0" Uhlan="0" Machinist="1" RedMage="0" Knight="0" Monk="0" TimeMage="1" Breaker="0" Archer="0" BlackMage="0" Samurai="0" Hunter="0" />
        <License BitIndex="359" Name="Time Magick 10" LP="125" Details="Graviga, Hastega" WhiteMage="0" Uhlan="0" Machinist="1" RedMage="0" Knight="0" Monk="0" TimeMage="1" Breaker="0" Archer="0" BlackMage="0" Samurai="0" Hunter="0" />
      </Group>
      <Group Name="Green Magick">
        <License BitIndex="205" Name="Green Magick 1" LP="40" Details="Decoy, Oil" WhiteMage="1" Uhlan="0" Machinist="1" RedMage="1" Knight="0" Monk="0" TimeMage="1" Breaker="0" Archer="0" BlackMage="1" Samurai="0" Hunter="0" />
        <License BitIndex="206" Name="Green Magick 2" LP="50" Details="Drain, Reverse" WhiteMage="1" Uhlan="0" Machinist="0" RedMage="1" Knight="0" Monk="0" TimeMage="1" Breaker="0" Archer="0" BlackMage="1" Samurai="0" Hunter="0" />
        <License BitIndex="207" Name="Green Magick 3" LP="90" Details="Bubble, Syphon" WhiteMage="1" Uhlan="0" Machinist="0" RedMage="1" Knight="0" Monk="0" TimeMage="1" Breaker="0" Archer="0" BlackMage="1" Samurai="0" Hunter="0" />
      </Group>
      <Group Name="Arcane Magick">
        <License BitIndex="212" Name="Arcane Magick 1" LP="40" Details="Dark, Darkra" WhiteMage="0" Uhlan="0" Machinist="0" RedMage="1" Knight="0" Monk="0" TimeMage="0" Breaker="0" Archer="0" BlackMage="0" Samurai="0" Hunter="0" />
        <License BitIndex="213" Name="Arcane Magick 2" LP="50" Details="Death, Darkga" WhiteMage="0" Uhlan="0" Machinist="0" RedMage="1" Knight="0" Monk="0" TimeMage="0" Breaker="0" Archer="0" BlackMage="0" Samurai="0" Hunter="0" />
        <License BitIndex="214" Name="Arcane Magick 3" LP="110" Details="Ardor" WhiteMage="0" Uhlan="0" Machinist="0" RedMage="1" Knight="0" Monk="0" TimeMage="0" Breaker="0" Archer="0" BlackMage="0" Samurai="0" Hunter="0" />
      </Group>
    </Group>
    <Group Name="Augments">
      <License BitIndex="219" Name="Warmage" LP="30" Details="Gain MP after dealing magick damage." WhiteMage="1" Uhlan="0" Machinist="0" RedMage="1" Knight="0" Monk="0" TimeMage="1" Breaker="0" Archer="0" BlackMage="1" Samurai="0" Hunter="0" />
      <License BitIndex="220" Name="Martyr" LP="30" Details="Gain MP after taking damage." WhiteMage="1" Uhlan="1" Machinist="1" RedMage="1" Knight="1" Monk="1" TimeMage="1" Breaker="1" Archer="1" BlackMage="1" Samurai="1" Hunter="1" />
      <License BitIndex="221" Name="Inquisitor" LP="30" Details="Gain MP after dealing damage." WhiteMage="1" Uhlan="1" Machinist="1" RedMage="1" Knight="1" Monk="1" TimeMage="1" Breaker="1" Archer="1" BlackMage="1" Samurai="1" Hunter="1" />
      <License BitIndex="222" Name="Headsman" LP="30" Details="Gain MP after defeating a foe." WhiteMage="1" Uhlan="1" Machinist="1" RedMage="1" Knight="1" Monk="1" TimeMage="1" Breaker="1" Archer="1" BlackMage="1" Samurai="1" Hunter="1" />
      <License BitIndex="223" Name="Adrenaline" LP="65" Details="Increases strength when HP Critical." WhiteMage="0" Uhlan="1" Machinist="0" RedMage="0" Knight="1" Monk="1" TimeMage="0" Breaker="1" Archer="0" BlackMage="0" Samurai="0" Hunter="1" />
      <License BitIndex="224" Name="Spellbreaker" LP="65" Details="Increases magick power when HP Critical." WhiteMage="1" Uhlan="0" Machinist="0" RedMage="1" Knight="0" Monk="0" TimeMage="1" Breaker="0" Archer="0" BlackMage="1" Samurai="1" Hunter="0" />
      <License BitIndex="225" Name="Focus" LP="70" Details="Increases strength when HP is full." WhiteMage="0" Uhlan="1" Machinist="0" RedMage="0" Knight="1" Monk="1" TimeMage="0" Breaker="1" Archer="1" BlackMage="0" Samurai="0" Hunter="1" />
      <License BitIndex="226" Name="Serenity" LP="70" Details="Increases magick when HP is full." WhiteMage="1" Uhlan="0" Machinist="0" RedMage="1" Knight="0" Monk="0" TimeMage="1" Breaker="0" Archer="0" BlackMage="1" Samurai="1" Hunter="0" />
      <License BitIndex="227" Name="Last Stand" LP="70" Details="Increases defence when HP Critical." WhiteMage="0" Uhlan="1" Machinist="1" RedMage="0" Knight="1" Monk="1" TimeMage="1" Breaker="1" Archer="1" BlackMage="0" Samurai="1" Hunter="1" />
      <License BitIndex="228" Name="Spellbound" LP="30" Details="Increases duration of status effects." WhiteMage="1" Uhlan="1" Machinist="1" RedMage="1" Knight="1" Monk="1" TimeMage="1" Breaker="1" Archer="1" BlackMage="1" Samurai="1" Hunter="1" />
      <License BitIndex="229" Name="Brawler" LP="90" Details="Increases attack power when fighting empty-handed." WhiteMage="0" Uhlan="0" Machinist="0" RedMage="0" Knight="0" Monk="1" TimeMage="0" Breaker="0" Archer="0" BlackMage="0" Samurai="1" Hunter="1" />
      <License BitIndex="230" Name="Shield Block" LP="25" Details="Increases chance to block with a shield." WhiteMage="0" Uhlan="0" Machinist="0" RedMage="0" Knight="1" Monk="0" TimeMage="0" Breaker="1" Archer="0" BlackMage="0" Samurai="1" Hunter="1" />
      <License BitIndex="231" Name="Shield Block" LP="45" Details="Increases chance to block with a shield." WhiteMage="0" Uhlan="0" Machinist="0" RedMage="0" Knight="1" Monk="0" TimeMage="0" Breaker="1" Archer="0" BlackMage="0" Samurai="0" Hunter="1" />
      <License BitIndex="232" Name="Shield Block" LP="75" Details="Increases chance to block with a shield." WhiteMage="0" Uhlan="0" Machinist="0" RedMage="0" Knight="1" Monk="0" TimeMage="0" Breaker="1" Archer="0" BlackMage="0" Samurai="0" Hunter="0" />
      <License BitIndex="233" Name="Channeling" LP="30" Details="Reduces magick MP cost by 10%." WhiteMage="1" Uhlan="0" Machinist="0" RedMage="1" Knight="0" Monk="0" TimeMage="1" Breaker="0" Archer="0" BlackMage="1" Samurai="0" Hunter="0" />
      <License BitIndex="234" Name="Channeling" LP="50" Details="Reduces magick MP cost by 10%." WhiteMage="1" Uhlan="0" Machinist="0" RedMage="1" Knight="0" Monk="0" TimeMage="1" Breaker="0" Archer="0" BlackMage="1" Samurai="0" Hunter="0" />
      <License BitIndex="235" Name="Channeling" LP="80" Details="Reduces magick MP cost by 10%." WhiteMage="1" Uhlan="0" Machinist="0" RedMage="1" Knight="0" Monk="0" TimeMage="1" Breaker="0" Archer="0" BlackMage="1" Samurai="0" Hunter="0" />
      <License BitIndex="236" Name="Swiftness" LP="30" Details="Reduces action time by 10%." WhiteMage="1" Uhlan="1" Machinist="1" RedMage="1" Knight="1" Monk="1" TimeMage="1" Breaker="1" Archer="1" BlackMage="1" Samurai="1" Hunter="1" />
      <License BitIndex="237" Name="Swiftness" LP="50" Details="Reduces action time by 10%." WhiteMage="1" Uhlan="1" Machinist="1" RedMage="0" Knight="0" Monk="1" TimeMage="1" Breaker="1" Archer="1" BlackMage="1" Samurai="1" Hunter="1" />
      <License BitIndex="238" Name="Swiftness" LP="80" Details="Reduces action time by 10%." WhiteMage="0" Uhlan="0" Machinist="1" RedMage="0" Knight="0" Monk="1" TimeMage="1" Breaker="1" Archer="1" BlackMage="0" Samurai="1" Hunter="1" />
      <License BitIndex="239" Name="Remedy Lore 1" LP="20" Details="Remedies remove Sleep, Sap, Immobilize, and Disable." WhiteMage="0" Uhlan="1" Machinist="1" RedMage="0" Knight="0" Monk="0" TimeMage="1" Breaker="0" Archer="1" BlackMage="1" Samurai="1" Hunter="1" />
      <License BitIndex="240" Name="Remedy Lore 2" LP="30" Details="Remedies remove Petrify, Confuse, and Oil." WhiteMage="0" Uhlan="1" Machinist="1" RedMage="0" Knight="0" Monk="0" TimeMage="1" Breaker="0" Archer="1" BlackMage="1" Samurai="1" Hunter="1" />
      <License BitIndex="241" Name="Remedy Lore 3" LP="70" Details="Remedies remove Stop, Doom, and Disease." WhiteMage="0" Uhlan="0" Machinist="1" RedMage="0" Knight="0" Monk="0" TimeMage="0" Breaker="0" Archer="1" BlackMage="0" Samurai="0" Hunter="1" />
      <License BitIndex="242" Name="Potion Lore 1" LP="20" Details="Potions restore more HP." WhiteMage="0" Uhlan="1" Machinist="1" RedMage="0" Knight="1" Monk="1" TimeMage="0" Breaker="0" Archer="1" BlackMage="0" Samurai="0" Hunter="1" />
      <License BitIndex="243" Name="Potion Lore 2" LP="35" Details="Potions restore more HP." WhiteMage="0" Uhlan="1" Machinist="1" RedMage="0" Knight="1" Monk="1" TimeMage="0" Breaker="0" Archer="1" BlackMage="0" Samurai="0" Hunter="1" />
      <License BitIndex="244" Name="Potion Lore 3" LP="70" Details="Potions restore more HP." WhiteMage="0" Uhlan="1" Machinist="1" RedMage="0" Knight="0" Monk="1" TimeMage="0" Breaker="0" Archer="1" BlackMage="0" Samurai="0" Hunter="1" />
      <License BitIndex="245" Name="Ether Lore 1" LP="20" Details="Ethers restore more MP." WhiteMage="1" Uhlan="0" Machinist="1" RedMage="1" Knight="0" Monk="0" TimeMage="1" Breaker="0" Archer="0" BlackMage="1" Samurai="0" Hunter="0" />
      <License BitIndex="246" Name="Ether Lore 2" LP="35" Details="Ethers restore more MP." WhiteMage="1" Uhlan="0" Machinist="0" RedMage="0" Knight="0" Monk="0" TimeMage="1" Breaker="0" Archer="0" BlackMage="1" Samurai="0" Hunter="0" />
      <License BitIndex="247" Name="Ether Lore 3" LP="70" Details="Ethers restore more MP." WhiteMage="0" Uhlan="0" Machinist="0" RedMage="0" Knight="0" Monk="0" TimeMage="1" Breaker="0" Archer="0" BlackMage="1" Samurai="0" Hunter="0" />
      <License BitIndex="248" Name="Phoenix Lore 1" LP="30" Details="Phoenix Down restores more HP." WhiteMage="0" Uhlan="1" Machinist="1" RedMage="0" Knight="0" Monk="1" TimeMage="0" Breaker="0" Archer="1" BlackMage="0" Samurai="0" Hunter="1" />
      <License BitIndex="249" Name="Phoenix Lore 2" LP="50" Details="Phoenix Down restores more HP." WhiteMage="0" Uhlan="1" Machinist="0" RedMage="0" Knight="0" Monk="1" TimeMage="0" Breaker="0" Archer="1" BlackMage="0" Samurai="0" Hunter="1" />
      <License BitIndex="250" Name="Phoenix Lore 3" LP="90" Details="Phoenix Down restores more HP." WhiteMage="0" Uhlan="0" Machinist="0" RedMage="0" Knight="0" Monk="0" TimeMage="0" Breaker="0" Archer="1" BlackMage="0" Samurai="0" Hunter="0" />
      <License BitIndex="251" Name="Battle Lore" LP="30" Details="Increases physical attack damage." WhiteMage="1" Uhlan="1" Machinist="1" RedMage="1" Knight="1" Monk="1" TimeMage="1" Breaker="1" Archer="1" BlackMage="0" Samurai="1" Hunter="1" />
      <License BitIndex="252" Name="Battle Lore" LP="30" Details="Increases physical attack damage." WhiteMage="1" Uhlan="1" Machinist="1" RedMage="1" Knight="1" Monk="1" TimeMage="1" Breaker="1" Archer="1" BlackMage="0" Samurai="1" Hunter="1" />
      <License BitIndex="253" Name="Battle Lore" LP="30" Details="Increases physical attack damage." WhiteMage="1" Uhlan="1" Machinist="1" RedMage="1" Knight="1" Monk="1" TimeMage="1" Breaker="1" Archer="0" BlackMage="0" Samurai="1" Hunter="1" />
      <License BitIndex="254" Name="Battle Lore" LP="30" Details="Increases physical attack damage." WhiteMage="1" Uhlan="1" Machinist="0" RedMage="0" Knight="1" Monk="1" TimeMage="1" Breaker="1" Archer="0" BlackMage="0" Samurai="1" Hunter="1" />
      <License BitIndex="255" Name="Battle Lore" LP="50" Details="Increases physical attack damage." WhiteMage="1" Uhlan="1" Machinist="0" RedMage="0" Knight="1" Monk="1" TimeMage="1" Breaker="1" Archer="0" BlackMage="0" Samurai="1" Hunter="1" />
      <License BitIndex="256" Name="Magick Lore" LP="30" Details="Increases magick potency." WhiteMage="1" Uhlan="1" Machinist="1" RedMage="1" Knight="0" Monk="0" TimeMage="1" Breaker="1" Archer="1" BlackMage="1" Samurai="1" Hunter="1" />
      <License BitIndex="257" Name="Magick Lore" LP="30" Details="Increases magick potency." WhiteMage="1" Uhlan="1" Machinist="1" RedMage="1" Knight="0" Monk="0" TimeMage="1" Breaker="1" Archer="1" BlackMage="1" Samurai="1" Hunter="1" />
      <License BitIndex="258" Name="Magick Lore" LP="30" Details="Increases magick potency." WhiteMage="1" Uhlan="1" Machinist="1" RedMage="1" Knight="0" Monk="0" TimeMage="1" Breaker="1" Archer="1" BlackMage="1" Samurai="1" Hunter="1" />
      <License BitIndex="259" Name="Magick Lore" LP="30" Details="Increases magick potency." WhiteMage="1" Uhlan="1" Machinist="1" RedMage="1" Knight="0" Monk="0" TimeMage="1" Breaker="1" Archer="1" BlackMage="1" Samurai="1" Hunter="1" />
      <License BitIndex="260" Name="Magick Lore" LP="50" Details="Increases magick potency." WhiteMage="1" Uhlan="1" Machinist="1" RedMage="1" Knight="0" Monk="0" TimeMage="1" Breaker="1" Archer="1" BlackMage="1" Samurai="1" Hunter="1" />
      <License BitIndex="261" Name="+30 HP" LP="20" Details="Increases max HP by 30." WhiteMage="1" Uhlan="1" Machinist="1" RedMage="0" Knight="1" Monk="1" TimeMage="0" Breaker="1" Archer="1" BlackMage="0" Samurai="0" Hunter="1" />
      <License BitIndex="262" Name="+70 HP" LP="30" Details="Increases max HP by 70." WhiteMage="1" Uhlan="1" Machinist="1" RedMage="0" Knight="1" Monk="1" TimeMage="0" Breaker="1" Archer="1" BlackMage="1" Samurai="1" Hunter="1" />
      <License BitIndex="263" Name="+110 HP" LP="40" Details="Increases max HP by 110." WhiteMage="1" Uhlan="1" Machinist="1" RedMage="1" Knight="1" Monk="1" TimeMage="1" Breaker="1" Archer="1" BlackMage="0" Samurai="1" Hunter="1" />
      <License BitIndex="264" Name="+150 HP" LP="50" Details="Increases max HP by 150." WhiteMage="1" Uhlan="1" Machinist="1" RedMage="0" Knight="1" Monk="1" TimeMage="1" Breaker="1" Archer="1" BlackMage="1" Samurai="1" Hunter="1" />
      <License BitIndex="265" Name="+190 HP" LP="60" Details="Increases max HP by 190." WhiteMage="1" Uhlan="1" Machinist="1" RedMage="1" Knight="1" Monk="1" TimeMage="1" Breaker="1" Archer="1" BlackMage="1" Samurai="1" Hunter="1" />
      <License BitIndex="300" Name="+230 HP" LP="70" Details="Increases max HP by 230." WhiteMage="1" Uhlan="1" Machinist="1" RedMage="1" Knight="1" Monk="1" TimeMage="1" Breaker="1" Archer="1" BlackMage="1" Samurai="1" Hunter="1" />
      <License BitIndex="301" Name="+270 HP" LP="80" Details="Increases max HP by 270." WhiteMage="1" Uhlan="1" Machinist="1" RedMage="1" Knight="1" Monk="1" TimeMage="1" Breaker="1" Archer="1" BlackMage="1" Samurai="1" Hunter="1" />
      <License BitIndex="302" Name="+310 HP" LP="90" Details="Increases max HP by 310." WhiteMage="1" Uhlan="1" Machinist="1" RedMage="0" Knight="1" Monk="1" TimeMage="0" Breaker="1" Archer="1" BlackMage="1" Samurai="1" Hunter="1" />
      <License BitIndex="303" Name="+350 HP" LP="100" Details="Increases max HP by 350." WhiteMage="0" Uhlan="1" Machinist="1" RedMage="0" Knight="1" Monk="1" TimeMage="0" Breaker="1" Archer="0" BlackMage="0" Samurai="1" Hunter="1" />
      <License BitIndex="304" Name="+390 HP" LP="115" Details="Increases max HP by 390." WhiteMage="0" Uhlan="0" Machinist="1" RedMage="0" Knight="1" Monk="1" TimeMage="0" Breaker="1" Archer="1" BlackMage="1" Samurai="1" Hunter="1" />
      <License BitIndex="305" Name="+435 HP" LP="130" Details="Increases max HP by 435." WhiteMage="0" Uhlan="0" Machinist="0" RedMage="1" Knight="0" Monk="1" TimeMage="0" Breaker="0" Archer="1" BlackMage="0" Samurai="1" Hunter="1" />
      <License BitIndex="306" Name="+500 HP" LP="220" Details="Increases max HP by 500." WhiteMage="0" Uhlan="0" Machinist="0" RedMage="0" Knight="0" Monk="1" TimeMage="0" Breaker="0" Archer="0" BlackMage="0" Samurai="1" Hunter="0" />
      <License BitIndex="307" Name="Battle Lore" LP="50" Details="Increases physical attack damage." WhiteMage="1" Uhlan="1" Machinist="0" RedMage="0" Knight="1" Monk="1" TimeMage="1" Breaker="1" Archer="0" BlackMage="0" Samurai="1" Hunter="1" />
      <License BitIndex="308" Name="Battle Lore" LP="50" Details="Increases physical attack damage." WhiteMage="1" Uhlan="1" Machinist="0" RedMage="0" Knight="1" Monk="1" TimeMage="1" Breaker="1" Archer="0" BlackMage="0" Samurai="1" Hunter="0" />
      <License BitIndex="309" Name="Battle Lore" LP="50" Details="Increases physical attack damage." WhiteMage="0" Uhlan="1" Machinist="0" RedMage="0" Knight="1" Monk="1" TimeMage="1" Breaker="1" Archer="0" BlackMage="0" Samurai="1" Hunter="0" />
      <License BitIndex="310" Name="Battle Lore" LP="70" Details="Increases physical attack damage." WhiteMage="0" Uhlan="1" Machinist="0" RedMage="0" Knight="1" Monk="1" TimeMage="1" Breaker="1" Archer="0" BlackMage="0" Samurai="0" Hunter="0" />
      <License BitIndex="311" Name="Battle Lore" LP="70" Details="Increases physical attack damage." WhiteMage="0" Uhlan="1" Machinist="0" RedMage="0" Knight="1" Monk="1" TimeMage="1" Breaker="1" Archer="0" BlackMage="0" Samurai="0" Hunter="0" />
      <License BitIndex="312" Name="Battle Lore" LP="70" Details="Increases physical attack damage." WhiteMage="0" Uhlan="1" Machinist="0" RedMage="0" Knight="1" Monk="1" TimeMage="1" Breaker="1" Archer="0" BlackMage="0" Samurai="0" Hunter="0" />
      <License BitIndex="313" Name="Battle Lore" LP="70" Details="Increases physical attack damage." WhiteMage="0" Uhlan="1" Machinist="0" RedMage="0" Knight="1" Monk="1" TimeMage="0" Breaker="1" Archer="0" BlackMage="0" Samurai="0" Hunter="0" />
      <License BitIndex="314" Name="Battle Lore" LP="100" Details="Increases physical attack damage." WhiteMage="0" Uhlan="1" Machinist="0" RedMage="0" Knight="0" Monk="1" TimeMage="0" Breaker="1" Archer="0" BlackMage="0" Samurai="0" Hunter="0" />
      <License BitIndex="315" Name="Battle Lore" LP="100" Details="Increases physical attack damage." WhiteMage="0" Uhlan="1" Machinist="0" RedMage="0" Knight="0" Monk="1" TimeMage="0" Breaker="0" Archer="0" BlackMage="0" Samurai="0" Hunter="0" />
      <License BitIndex="316" Name="Battle Lore" LP="100" Details="Increases physical attack damage." WhiteMage="0" Uhlan="0" Machinist="0" RedMage="0" Knight="0" Monk="1" TimeMage="0" Breaker="0" Archer="0" BlackMage="0" Samurai="0" Hunter="0" />
      <License BitIndex="317" Name="Battle Lore" LP="100" Details="Increases physical attack damage." WhiteMage="0" Uhlan="0" Machinist="0" RedMage="0" Knight="0" Monk="1" TimeMage="0" Breaker="0" Archer="0" BlackMage="0" Samurai="0" Hunter="0" />
      <License BitIndex="318" Name="Magick Lore" LP="50" Details="Increases magick potency." WhiteMage="1" Uhlan="1" Machinist="1" RedMage="1" Knight="0" Monk="0" TimeMage="1" Breaker="0" Archer="1" BlackMage="1" Samurai="1" Hunter="0" />
      <License BitIndex="319" Name="Magick Lore" LP="50" Details="Increases magick potency." WhiteMage="1" Uhlan="0" Machinist="1" RedMage="1" Knight="0" Monk="0" TimeMage="1" Breaker="0" Archer="0" BlackMage="1" Samurai="1" Hunter="0" />
      <License BitIndex="320" Name="Magick Lore" LP="50" Details="Increases magick potency." WhiteMage="1" Uhlan="0" Machinist="0" RedMage="1" Knight="0" Monk="0" TimeMage="1" Breaker="0" Archer="0" BlackMage="1" Samurai="1" Hunter="0" />
      <License BitIndex="321" Name="Magick Lore" LP="70" Details="Increases magick potency." WhiteMage="1" Uhlan="0" Machinist="0" RedMage="1" Knight="0" Monk="0" TimeMage="1" Breaker="0" Archer="0" BlackMage="1" Samurai="1" Hunter="0" />
      <License BitIndex="322" Name="Magick Lore" LP="70" Details="Increases magick potency." WhiteMage="1" Uhlan="0" Machinist="0" RedMage="1" Knight="0" Monk="0" TimeMage="0" Breaker="0" Archer="0" BlackMage="1" Samurai="1" Hunter="0" />
      <License BitIndex="323" Name="Magick Lore" LP="70" Details="Increases magick potency." WhiteMage="1" Uhlan="0" Machinist="0" RedMage="1" Knight="0" Monk="0" TimeMage="0" Breaker="0" Archer="0" BlackMage="1" Samurai="1" Hunter="0" />
      <License BitIndex="324" Name="Magick Lore" LP="70" Details="Increases magick potency." WhiteMage="1" Uhlan="0" Machinist="0" RedMage="1" Knight="0" Monk="0" TimeMage="0" Breaker="0" Archer="0" BlackMage="1" Samurai="1" Hunter="0" />
      <License BitIndex="325" Name="Magick Lore" LP="100" Details="Increases magick potency." WhiteMage="1" Uhlan="0" Machinist="0" RedMage="0" Knight="0" Monk="0" TimeMage="0" Breaker="0" Archer="0" BlackMage="1" Samurai="1" Hunter="0" />
      <License BitIndex="326" Name="Magick Lore" LP="100" Details="Increases magick potency." WhiteMage="1" Uhlan="0" Machinist="0" RedMage="0" Knight="0" Monk="0" TimeMage="0" Breaker="0" Archer="0" BlackMage="1" Samurai="1" Hunter="0" />
      <License BitIndex="327" Name="Magick Lore" LP="100" Details="Increases magick potency." WhiteMage="1" Uhlan="0" Machinist="0" RedMage="0" Knight="0" Monk="0" TimeMage="0" Breaker="0" Archer="0" BlackMage="1" Samurai="0" Hunter="0" />
      <License BitIndex="328" Name="Magick Lore" LP="100" Details="Increases magick potency." WhiteMage="0" Uhlan="0" Machinist="0" RedMage="0" Knight="0" Monk="0" TimeMage="0" Breaker="0" Archer="0" BlackMage="1" Samurai="0" Hunter="0" />
    </Group>
    <Group Name="Gambit Slots">
      <License BitIndex="266" Name="Gambit Slot" LP="15" Details="Adds an additional gambit slot." WhiteMage="1" Uhlan="1" Machinist="1" RedMage="1" Knight="1" Monk="1" TimeMage="1" Breaker="1" Archer="1" BlackMage="1" Samurai="1" Hunter="1" />
      <License BitIndex="267" Name="Gambit Slot" LP="20" Details="Adds an additional gambit slot." WhiteMage="1" Uhlan="1" Machinist="1" RedMage="1" Knight="1" Monk="1" TimeMage="1" Breaker="1" Archer="1" BlackMage="1" Samurai="1" Hunter="1" />
      <License BitIndex="268" Name="Gambit Slot" LP="25" Details="Adds an additional gambit slot." WhiteMage="1" Uhlan="1" Machinist="1" RedMage="1" Knight="1" Monk="1" TimeMage="1" Breaker="1" Archer="1" BlackMage="1" Samurai="1" Hunter="1" />
      <License BitIndex="269" Name="Gambit Slot" LP="30" Details="Adds an additional gambit slot." WhiteMage="1" Uhlan="1" Machinist="1" RedMage="1" Knight="1" Monk="1" TimeMage="1" Breaker="1" Archer="1" BlackMage="1" Samurai="1" Hunter="1" />
      <License BitIndex="270" Name="Gambit Slot" LP="35" Details="Adds an additional gambit slot." WhiteMage="1" Uhlan="1" Machinist="1" RedMage="1" Knight="1" Monk="1" TimeMage="1" Breaker="1" Archer="1" BlackMage="1" Samurai="1" Hunter="1" />
      <License BitIndex="271" Name="Gambit Slot" LP="40" Details="Adds an additional gambit slot." WhiteMage="1" Uhlan="1" Machinist="1" RedMage="1" Knight="1" Monk="1" TimeMage="1" Breaker="1" Archer="1" BlackMage="1" Samurai="1" Hunter="1" />
      <License BitIndex="272" Name="Gambit Slot" LP="45" Details="Adds an additional gambit slot." WhiteMage="1" Uhlan="1" Machinist="1" RedMage="1" Knight="1" Monk="1" TimeMage="1" Breaker="1" Archer="1" BlackMage="1" Samurai="1" Hunter="1" />
      <License BitIndex="273" Name="Gambit Slot" LP="50" Details="Adds an additional gambit slot." WhiteMage="1" Uhlan="1" Machinist="1" RedMage="1" Knight="1" Monk="1" TimeMage="1" Breaker="1" Archer="1" BlackMage="1" Samurai="1" Hunter="1" />
      <License BitIndex="274" Name="Gambit Slot" LP="70" Details="Adds an additional gambit slot." WhiteMage="1" Uhlan="1" Machinist="1" RedMage="1" Knight="1" Monk="1" TimeMage="1" Breaker="1" Archer="1" BlackMage="1" Samurai="1" Hunter="1" />
      <License BitIndex="275" Name="Gambit Slot" LP="100" Details="Adds an additional gambit slot." WhiteMage="1" Uhlan="1" Machinist="1" RedMage="1" Knight="1" Monk="1" TimeMage="1" Breaker="1" Archer="1" BlackMage="1" Samurai="1" Hunter="1" />
    </Group>
    <Group Name="Technicks">
      <License BitIndex="276" Name="Steal" LP="20" Details="Steal from one foe." WhiteMage="0" Uhlan="0" Machinist="1" RedMage="1" Knight="0" Monk="0" TimeMage="0" Breaker="0" Archer="1" BlackMage="1" Samurai="0" Hunter="0" />
      <License BitIndex="277" Name="Libra" LP="25" Details="Reveal more detailed target information." WhiteMage="1" Uhlan="0" Machinist="1" RedMage="0" Knight="0" Monk="1" TimeMage="0" Breaker="0" Archer="1" BlackMage="0" Samurai="1" Hunter="1" />
      <License BitIndex="278" Name="First Aid" LP="20" Details="Restore HP to one HP Critical ally." WhiteMage="0" Uhlan="1" Machinist="0" RedMage="0" Knight="1" Monk="1" TimeMage="0" Breaker="0" Archer="1" BlackMage="0" Samurai="0" Hunter="1" />
      <License BitIndex="279" Name="Poach" LP="30" Details="Capture HP Critical foes to obtain loot." WhiteMage="0" Uhlan="1" Machinist="1" RedMage="0" Knight="0" Monk="0" TimeMage="1" Breaker="0" Archer="1" BlackMage="1" Samurai="0" Hunter="0" />
      <License BitIndex="280" Name="Charge" LP="30" Details="Restore user's MP. If the technick fails, MP is reduced to 0." WhiteMage="1" Uhlan="0" Machinist="0" RedMage="1" Knight="0" Monk="0" TimeMage="1" Breaker="0" Archer="0" BlackMage="1" Samurai="0" Hunter="0" />
      <License BitIndex="281" Name="Horology" LP="50" Details="Deal damage based on a factore of time to all foes in range." WhiteMage="0" Uhlan="0" Machinist="1" RedMage="0" Knight="0" Monk="0" TimeMage="1" Breaker="1" Archer="0" BlackMage="0" Samurai="0" Hunter="0" />
      <License BitIndex="282" Name="Souleater" LP="35" Details="Consume HP to deal damage to one foe." WhiteMage="1" Uhlan="1" Machinist="0" RedMage="1" Knight="1" Monk="1" TimeMage="0" Breaker="0" Archer="0" BlackMage="0" Samurai="1" Hunter="0" />
      <License BitIndex="283" Name="Traveler" LP="50" Details="Deal damage based on total steps taken to all foes in range." WhiteMage="0" Uhlan="0" Machinist="1" RedMage="0" Knight="0" Monk="1" TimeMage="0" Breaker="1" Archer="1" BlackMage="0" Samurai="0" Hunter="1" />
      <License BitIndex="284" Name="Numerology" LP="40" Details="Deal damage that increases with successive hits." WhiteMage="1" Uhlan="0" Machinist="1" RedMage="0" Knight="0" Monk="1" TimeMage="1" Breaker="0" Archer="0" BlackMage="0" Samurai="0" Hunter="0" />
      <License BitIndex="285" Name="Shear" LP="50" Details="Lower one foe's magick resist." WhiteMage="0" Uhlan="0" Machinist="0" RedMage="0" Knight="0" Monk="0" TimeMage="1" Breaker="1" Archer="1" BlackMage="0" Samurai="0" Hunter="0" />
      <License BitIndex="286" Name="Achilles" LP="40" Details="Render one foe vulnerable to an additional element." WhiteMage="1" Uhlan="1" Machinist="1" RedMage="0" Knight="0" Monk="1" TimeMage="0" Breaker="0" Archer="1" BlackMage="0" Samurai="0" Hunter="0" />
      <License BitIndex="287" Name="Gil Toss" LP="30" Details="Throw gil, damaging all foes in range." WhiteMage="0" Uhlan="0" Machinist="1" RedMage="0" Knight="0" Monk="0" TimeMage="0" Breaker="0" Archer="1" BlackMage="0" Samurai="1" Hunter="1" />
      <License BitIndex="288" Name="Charm" LP="30" Details="Cause one foe to confuse friend with foe." WhiteMage="0" Uhlan="1" Machinist="1" RedMage="0" Knight="0" Monk="0" TimeMage="0" Breaker="0" Archer="1" BlackMage="1" Samurai="0" Hunter="0" />
      <License BitIndex="289" Name="Sight Unseeing" LP="40" Details="Unleash an attack only available when blind." WhiteMage="0" Uhlan="0" Machinist="0" RedMage="0" Knight="1" Monk="1" TimeMage="0" Breaker="1" Archer="0" BlackMage="0" Samurai="1" Hunter="0" />
      <License BitIndex="290" Name="Infuse" LP="30" Details="Fully consume user's MP, changing one ally's HP to 10 times that amount." WhiteMage="0" Uhlan="1" Machinist="0" RedMage="0" Knight="1" Monk="0" TimeMage="0" Breaker="1" Archer="1" BlackMage="0" Samurai="1" Hunter="0" />
      <License BitIndex="291" Name="Addle" LP="50" Details="Lower one foe's magick power." WhiteMage="0" Uhlan="0" Machinist="0" RedMage="0" Knight="0" Monk="0" TimeMage="1" Breaker="1" Archer="1" BlackMage="0" Samurai="0" Hunter="0" />
      <License BitIndex="292" Name="Bonecrusher" LP="30" Details="Consume HP to reduce the HP of one foe to 0." WhiteMage="0" Uhlan="1" Machinist="0" RedMage="0" Knight="0" Monk="1" TimeMage="0" Breaker="0" Archer="0" BlackMage="0" Samurai="1" Hunter="1" />
      <License BitIndex="293" Name="Shades of Black" LP="70" Details="Cast a random black magick on one foe." WhiteMage="0" Uhlan="1" Machinist="0" RedMage="0" Knight="0" Monk="1" TimeMage="0" Breaker="1" Archer="1" BlackMage="0" Samurai="1" Hunter="1" />
      <License BitIndex="294" Name="Stamp" LP="40" Details="Inflict one foe with any status effects on the user." WhiteMage="1" Uhlan="0" Machinist="1" RedMage="0" Knight="0" Monk="0" TimeMage="1" Breaker="0" Archer="0" BlackMage="0" Samurai="1" Hunter="1" />
      <License BitIndex="295" Name="Expose" LP="50" Details="Lower one foe's defence." WhiteMage="0" Uhlan="1" Machinist="0" RedMage="0" Knight="0" Monk="1" TimeMage="0" Breaker="1" Archer="0" BlackMage="0" Samurai="0" Hunter="0" />
      <License BitIndex="296" Name="Revive" LP="40" Details="Fully consume user's HP, reviving and fully restoring HP of one KO'd ally." WhiteMage="0" Uhlan="1" Machinist="0" RedMage="0" Knight="1" Monk="1" TimeMage="0" Breaker="0" Archer="1" BlackMage="0" Samurai="0" Hunter="1" />
      <License BitIndex="297" Name="1000 Needles" LP="35" Details="Deal 1,000 damage to one foe." WhiteMage="0" Uhlan="0" Machinist="0" RedMage="0" Knight="0" Monk="0" TimeMage="0" Breaker="0" Archer="1" BlackMage="0" Samurai="1" Hunter="1" />
      <License BitIndex="298" Name="Wither" LP="50" Details="Lower one foe's strength." WhiteMage="0" Uhlan="1" Machinist="0" RedMage="0" Knight="0" Monk="1" TimeMage="0" Breaker="1" Archer="0" BlackMage="0" Samurai="0" Hunter="0" />
      <License BitIndex="299" Name="Telekinesis" LP="80" Details="Deal ranged damage with melee weapons." WhiteMage="0" Uhlan="0" Machinist="0" RedMage="0" Knight="1" Monk="0" TimeMage="0" Breaker="0" Archer="0" BlackMage="1" Samurai="0" Hunter="1" />
    </Group>
  </Group>
  <Group Name="Special">
    <Group Name="Quickenings">
      <License BitIndex="0" Name="Quickening" LP="50" Details="Quickening" WhiteMage="1" Uhlan="1" Machinist="1" RedMage="1" Knight="1" Monk="1" TimeMage="1" Breaker="1" Archer="1" BlackMage="1" Samurai="1" Hunter="1" />
      <License BitIndex="1" Name="Quickening" LP="75" Details="Quickening" WhiteMage="1" Uhlan="1" Machinist="1" RedMage="1" Knight="1" Monk="1" TimeMage="1" Breaker="1" Archer="1" BlackMage="1" Samurai="1" Hunter="1" />
      <License BitIndex="2" Name="Quickening" LP="100" Details="Quickening" WhiteMage="1" Uhlan="1" Machinist="1" RedMage="1" Knight="1" Monk="1" TimeMage="1" Breaker="1" Archer="1" BlackMage="1" Samurai="1" Hunter="1" />
      <License BitIndex="3" Name="Quickening" LP="125" Details="Quickening" WhiteMage="1" Uhlan="1" Machinist="1" RedMage="1" Knight="1" Monk="1" TimeMage="1" Breaker="1" Archer="1" BlackMage="1" Samurai="1" Hunter="1" />
    </Group>
    <Group Name="Espers">
      <License BitIndex="18" Name="Belias" LP="20" Details="Belias" WhiteMage="1" Uhlan="1" Machinist="1" RedMage="1" Knight="1" Monk="1" TimeMage="1" Breaker="1" Archer="1" BlackMage="1" Samurai="1" Hunter="1" />
      <License BitIndex="19" Name="Mateus" LP="30" Details="Mateus" WhiteMage="1" Uhlan="1" Machinist="1" RedMage="1" Knight="1" Monk="1" TimeMage="1" Breaker="1" Archer="1" BlackMage="1" Samurai="1" Hunter="1" />
      <License BitIndex="20" Name="Adrammelech" LP="35" Details="Adrammelech" WhiteMage="1" Uhlan="1" Machinist="1" RedMage="1" Knight="1" Monk="1" TimeMage="1" Breaker="1" Archer="1" BlackMage="1" Samurai="1" Hunter="1" />
      <License BitIndex="21" Name="Hashmal" LP="50" Details="Hashmal" WhiteMage="1" Uhlan="1" Machinist="1" RedMage="1" Knight="1" Monk="1" TimeMage="1" Breaker="1" Archer="1" BlackMage="1" Samurai="1" Hunter="1" />
      <License BitIndex="22" Name="Cuchulainn" LP="50" Details="Cuchulainn" WhiteMage="1" Uhlan="1" Machinist="1" RedMage="1" Knight="1" Monk="1" TimeMage="1" Breaker="1" Archer="1" BlackMage="1" Samurai="1" Hunter="1" />
      <License BitIndex="23" Name="Famfrit" LP="100" Details="Famfrit" WhiteMage="1" Uhlan="1" Machinist="1" RedMage="1" Knight="1" Monk="1" TimeMage="1" Breaker="1" Archer="1" BlackMage="1" Samurai="1" Hunter="1" />
      <License BitIndex="24" Name="Zalera" LP="30" Details="Zalera" WhiteMage="1" Uhlan="1" Machinist="1" RedMage="1" Knight="1" Monk="1" TimeMage="1" Breaker="1" Archer="1" BlackMage="1" Samurai="1" Hunter="1" />
      <License BitIndex="25" Name="Shemhazai" LP="50" Details="Shemhazai" WhiteMage="1" Uhlan="1" Machinist="1" RedMage="1" Knight="1" Monk="1" TimeMage="1" Breaker="1" Archer="1" BlackMage="1" Samurai="1" Hunter="1" />
      <License BitIndex="26" Name="Chaos" LP="100" Details="Chaos" WhiteMage="1" Uhlan="1" Machinist="1" RedMage="1" Knight="1" Monk="1" TimeMage="1" Breaker="1" Archer="1" BlackMage="1" Samurai="1" Hunter="1" />
      <License BitIndex="27" Name="Zeromus" LP="65" Details="Zeromus" WhiteMage="1" Uhlan="1" Machinist="1" RedMage="1" Knight="1" Monk="1" TimeMage="1" Breaker="1" Archer="1" BlackMage="1" Samurai="1" Hunter="1" />
      <License BitIndex="28" Name="Exodus" LP="65" Details="Exodus" WhiteMage="1" Uhlan="1" Machinist="1" RedMage="1" Knight="1" Monk="1" TimeMage="1" Breaker="1" Archer="1" BlackMage="1" Samurai="1" Hunter="1" />
      <License BitIndex="29" Name="Ultima" LP="115" Details="Ultima" WhiteMage="1" Uhlan="1" Machinist="1" RedMage="1" Knight="1" Monk="1" TimeMage="1" Breaker="1" Archer="1" BlackMage="1" Samurai="1" Hunter="1" />
      <License BitIndex="30" Name="Zodiark" LP="200" Details="Zodiark" WhiteMage="1" Uhlan="1" Machinist="1" RedMage="1" Knight="1" Monk="1" TimeMage="1" Breaker="1" Archer="1" BlackMage="1" Samurai="1" Hunter="1" />
    </Group>
    <!--<License BitIndex="31" Name="Battle Commands" LP="1" Details="Attack, Item" WhiteMage="1" Uhlan="1" Machinist="1" RedMage="1" Knight="1" Monk="1" TimeMage="1" Breaker="1" Archer="1" BlackMage="1" Samurai="1" Hunter="1" />-->
  </Group>
</LicenseTree>