﻿<?xml version="1.0" encoding="utf-8" ?>
<NavigationTree>
  <TreeNode Text="General" EditorControlType="General" />
  <TreeNode Text="Characters" JumpToNode="0">
    <TreeNode Text="Main" JumpToNode="0">
      <TreeNode Text="Vaan" JumpToNode="0" Param="0">
        <TreeNode Name="0" Text="Stats and Equipment" EditorControlType="CharacterData" />
        <TreeNode Text="Licenses" EditorControlType="Licenses" />
        <TreeNode Text="Gambits" EditorControlType="Gambits" />
        <TreeNode Text="Natural Effects" EditorControlType="NaturalEffects" />
        <TreeNode Text="Permanent Status Effects" EditorControlType="PermanentEffects" />
        <TreeNode Text="Temporary Status Effects" EditorControlType="TemporaryEffects" />
      </TreeNode>
      <TreeNode Text="Ashe" JumpToNode="1" Param="1">
        <TreeNode Name="1" Text="Stats and Equipment" EditorControlType="CharacterData" />
        <TreeNode Text="Licenses" EditorControlType="Licenses" />
        <TreeNode Text="Gambits" EditorControlType="Gambits" />
        <TreeNode Text="Natural Effects" EditorControlType="NaturalEffects" />
        <TreeNode Text="Permanent Status Effects" EditorControlType="PermanentEffects" />
        <TreeNode Text="Temporary Status Effects" EditorControlType="TemporaryEffects" />
      </TreeNode>
      <TreeNode Text="Fran" JumpToNode="2" Param="2">
        <TreeNode Name="2" Text="Stats and Equipment" EditorControlType="CharacterData" />
        <TreeNode Text="Licenses" EditorControlType="Licenses" />
        <TreeNode Text="Gambits" EditorControlType="Gambits" />
        <TreeNode Text="Natural Effects" EditorControlType="NaturalEffects" />
        <TreeNode Text="Permanent Status Effects" EditorControlType="PermanentEffects" />
        <TreeNode Text="Temporary Status Effects" EditorControlType="TemporaryEffects" />
      </TreeNode>
      <TreeNode Text="Balthier" JumpToNode="3" Param="3">
        <TreeNode Name="3" Text="Stats and Equipment" EditorControlType="CharacterData" />
        <TreeNode Text="Licenses" EditorControlType="Licenses" />
        <TreeNode Text="Gambits" EditorControlType="Gambits" />
        <TreeNode Text="Natural Effects" EditorControlType="NaturalEffects" />
        <TreeNode Text="Permanent Status Effects" EditorControlType="PermanentEffects" />
        <TreeNode Text="Temporary Status Effects" EditorControlType="TemporaryEffects" />
      </TreeNode>
      <TreeNode Text="Basch" JumpToNode="4" Param="4">
        <TreeNode Name="4" Text="Stats and Equipment" EditorControlType="CharacterData" />
        <TreeNode Text="Licenses" EditorControlType="Licenses" />
        <TreeNode Text="Gambits" EditorControlType="Gambits" />
        <TreeNode Text="Natural Effects" EditorControlType="NaturalEffects" />
        <TreeNode Text="Permanent Status Effects" EditorControlType="PermanentEffects" />
        <TreeNode Text="Temporary Status Effects" EditorControlType="TemporaryEffects" />
      </TreeNode>
      <TreeNode Text="Penelo" JumpToNode="5" Param="5">
        <TreeNode Name="5" Text="Stats and Equipment" EditorControlType="CharacterData" />
        <TreeNode Text="Licenses" EditorControlType="Licenses" />
        <TreeNode Text="Gambits" EditorControlType="Gambits" />
        <TreeNode Text="Natural Effects" EditorControlType="NaturalEffects" />
        <TreeNode Text="Permanent Status Effects" EditorControlType="PermanentEffects" />
        <TreeNode Text="Temporary Status Effects" EditorControlType="TemporaryEffects" />
      </TreeNode>
    </TreeNode>
    <TreeNode Text="Guests" JumpToNode="6">
      <TreeNode Text="Reks" JumpToNode="6" Param="6">
        <TreeNode Name="6" Text="Stats and Equipment" EditorControlType="CharacterData" />
        <TreeNode Text="Licenses" EditorControlType="Licenses" />
        <TreeNode Text="Gambits" EditorControlType="Gambits" />
        <TreeNode Text="Natural Effects" EditorControlType="NaturalEffects" />
        <TreeNode Text="Permanent Status Effects" EditorControlType="PermanentEffects" />
        <TreeNode Text="Temporary Status Effects" EditorControlType="TemporaryEffects" />
      </TreeNode>
      <TreeNode Text="Amalia" JumpToNode="7" Param="7">
        <TreeNode Name="7" Text="Stats and Equipment" EditorControlType="CharacterData" />
        <TreeNode Text="Licenses" EditorControlType="Licenses" />
        <TreeNode Text="Gambits" EditorControlType="Gambits" />
        <TreeNode Text="Natural Effects" EditorControlType="NaturalEffects" />
        <TreeNode Text="Permanent Status Effects" EditorControlType="PermanentEffects" />
        <TreeNode Text="Temporary Status Effects" EditorControlType="TemporaryEffects" />
      </TreeNode>
      <TreeNode Text="Basch (Topless)" JumpToNode="8" Param="8">
        <TreeNode Name="8" Text="Stats and Equipment" EditorControlType="CharacterData" />
        <TreeNode Text="Licenses" EditorControlType="Licenses" />
        <TreeNode Text="Gambits" EditorControlType="Gambits" />
        <TreeNode Text="Natural Effects" EditorControlType="NaturalEffects" />
        <TreeNode Text="Permanent Status Effects" EditorControlType="PermanentEffects" />
        <TreeNode Text="Temporary Status Effects" EditorControlType="TemporaryEffects" />
      </TreeNode>
      <TreeNode Text="Basch (Dark suit)" JumpToNode="9" Param="9">
        <TreeNode Name="9" Text="Stats and Equipment" EditorControlType="CharacterData" />
        <TreeNode Text="Licenses" EditorControlType="Licenses" />
        <TreeNode Text="Gambits" EditorControlType="Gambits" />
        <TreeNode Text="Natural Effects" EditorControlType="NaturalEffects" />
        <TreeNode Text="Permanent Status Effects" EditorControlType="PermanentEffects" />
        <TreeNode Text="Temporary Status Effects" EditorControlType="TemporaryEffects" />
      </TreeNode>
      <TreeNode Text="Lamont" JumpToNode="10" Param="10">
        <TreeNode Name="10" Text="Stats and Equipment" EditorControlType="CharacterData" />
        <TreeNode Text="Licenses" EditorControlType="Licenses" />
        <TreeNode Text="Gambits" EditorControlType="Gambits" />
        <TreeNode Text="Natural Effects" EditorControlType="NaturalEffects" />
        <TreeNode Text="Permanent Status Effects" EditorControlType="PermanentEffects" />
        <TreeNode Text="Temporary Status Effects" EditorControlType="TemporaryEffects" />
      </TreeNode>
      <TreeNode Text="Vossler (Imperial)" JumpToNode="11" Param="11">
        <TreeNode Name="11" Text="Stats and Equipment" EditorControlType="CharacterData" />
        <TreeNode Text="Licenses" EditorControlType="Licenses" />
        <TreeNode Text="Gambits" EditorControlType="Gambits" />
        <TreeNode Text="Natural Effects" EditorControlType="NaturalEffects" />
        <TreeNode Text="Permanent Status Effects" EditorControlType="PermanentEffects" />
        <TreeNode Text="Temporary Status Effects" EditorControlType="TemporaryEffects" />
      </TreeNode>
      <TreeNode Text="Vossler (Resistance)" JumpToNode="12" Param="12">
        <TreeNode Name="12" Text="Stats and Equipment" EditorControlType="CharacterData" />
        <TreeNode Text="Licenses" EditorControlType="Licenses" />
        <TreeNode Text="Gambits" EditorControlType="Gambits" />
        <TreeNode Text="Natural Effects" EditorControlType="NaturalEffects" />
        <TreeNode Text="Permanent Status Effects" EditorControlType="PermanentEffects" />
        <TreeNode Text="Temporary Status Effects" EditorControlType="TemporaryEffects" />
      </TreeNode>
      <TreeNode Text="Larsa" JumpToNode="13" Param="13">
        <TreeNode Name="13" Text="Stats and Equipment" EditorControlType="CharacterData" />
        <TreeNode Text="Licenses" EditorControlType="Licenses" />
        <TreeNode Text="Gambits" EditorControlType="Gambits" />
        <TreeNode Text="Natural Effects" EditorControlType="NaturalEffects" />
        <TreeNode Text="Permanent Status Effects" EditorControlType="PermanentEffects" />
        <TreeNode Text="Temporary Status Effects" EditorControlType="TemporaryEffects" />
      </TreeNode>
      <TreeNode Text="Reddas" JumpToNode="14" Param="14">
        <TreeNode Name="14" Text="Stats and Equipment" EditorControlType="CharacterData" />
        <TreeNode Text="Licenses" EditorControlType="Licenses" />
        <TreeNode Text="Gambits" EditorControlType="Gambits" />
        <TreeNode Text="Natural Effects" EditorControlType="NaturalEffects" />
        <TreeNode Text="Permanent Status Effects" EditorControlType="PermanentEffects" />
        <TreeNode Text="Temporary Status Effects" EditorControlType="TemporaryEffects" />
      </TreeNode>
      <TreeNode Text="Chocobo" JumpToNode="26" Param="26">
        <TreeNode Name="26" Text="Stats and Equipment" EditorControlType="CharacterData" />
        <TreeNode Text="Licenses" EditorControlType="Licenses" />
        <TreeNode Text="Gambits" EditorControlType="Gambits" />
        <TreeNode Text="Natural Effects" EditorControlType="NaturalEffects" />
        <TreeNode Text="Permanent Status Effects" EditorControlType="PermanentEffects" />
        <TreeNode Text="Temporary Status Effects" EditorControlType="TemporaryEffects" />
      </TreeNode>
    </TreeNode>
    <TreeNode Text="Espers" JumpToNode="27">
      <TreeNode Text="Belias" JumpToNode="27" Param="27">
        <TreeNode Name="27" Text="Stats and Equipment" EditorControlType="CharacterData" />
        <TreeNode Text="Licenses" EditorControlType="Licenses" />
        <TreeNode Text="Gambits" EditorControlType="Gambits" />
        <TreeNode Text="Natural Effects" EditorControlType="NaturalEffects" />
        <TreeNode Text="Permanent Status Effects" EditorControlType="PermanentEffects" />
        <TreeNode Text="Temporary Status Effects" EditorControlType="TemporaryEffects" />
      </TreeNode>
      <TreeNode Text="Mateus" JumpToNode="28" Param="28">
        <TreeNode Name="28" Text="Stats and Equipment" EditorControlType="CharacterData" />
        <TreeNode Text="Licenses" EditorControlType="Licenses" />
        <TreeNode Text="Gambits" EditorControlType="Gambits" />
        <TreeNode Text="Natural Effects" EditorControlType="NaturalEffects" />
        <TreeNode Text="Permanent Status Effects" EditorControlType="PermanentEffects" />
        <TreeNode Text="Temporary Status Effects" EditorControlType="TemporaryEffects" />
      </TreeNode>
      <TreeNode Text="Adrammelech" JumpToNode="29" Param="29">
        <TreeNode Name="29" Text="Stats and Equipment" EditorControlType="CharacterData" />
        <TreeNode Text="Licenses" EditorControlType="Licenses" />
        <TreeNode Text="Gambits" EditorControlType="Gambits" />
        <TreeNode Text="Natural Effects" EditorControlType="NaturalEffects" />
        <TreeNode Text="Permanent Status Effects" EditorControlType="PermanentEffects" />
        <TreeNode Text="Temporary Status Effects" EditorControlType="TemporaryEffects" />
      </TreeNode>
      <TreeNode Text="Hashmal" JumpToNode="30" Param="30">
        <TreeNode Name="30" Text="Stats and Equipment" EditorControlType="CharacterData" />
        <TreeNode Text="Licenses" EditorControlType="Licenses" />
        <TreeNode Text="Gambits" EditorControlType="Gambits" />
        <TreeNode Text="Natural Effects" EditorControlType="NaturalEffects" />
        <TreeNode Text="Permanent Status Effects" EditorControlType="PermanentEffects" />
        <TreeNode Text="Temporary Status Effects" EditorControlType="TemporaryEffects" />
      </TreeNode>
      <TreeNode Text="Cuchulainn" JumpToNode="31" Param="31">
        <TreeNode Name="31" Text="Stats and Equipment" EditorControlType="CharacterData" />
        <TreeNode Text="Licenses" EditorControlType="Licenses" />
        <TreeNode Text="Gambits" EditorControlType="Gambits" />
        <TreeNode Text="Natural Effects" EditorControlType="NaturalEffects" />
        <TreeNode Text="Permanent Status Effects" EditorControlType="PermanentEffects" />
        <TreeNode Text="Temporary Status Effects" EditorControlType="TemporaryEffects" />
      </TreeNode>
      <TreeNode Text="Famfrit" JumpToNode="32" Param="32">
        <TreeNode Name="32" Text="Stats and Equipment" EditorControlType="CharacterData" />
        <TreeNode Text="Licenses" EditorControlType="Licenses" />
        <TreeNode Text="Gambits" EditorControlType="Gambits" />
        <TreeNode Text="Natural Effects" EditorControlType="NaturalEffects" />
        <TreeNode Text="Permanent Status Effects" EditorControlType="PermanentEffects" />
        <TreeNode Text="Temporary Status Effects" EditorControlType="TemporaryEffects" />
      </TreeNode>
      <TreeNode Text="Zalera" JumpToNode="33" Param="33">
        <TreeNode Name="33" Text="Stats and Equipment" EditorControlType="CharacterData" />
        <TreeNode Text="Licenses" EditorControlType="Licenses" />
        <TreeNode Text="Gambits" EditorControlType="Gambits" />
        <TreeNode Text="Natural Effects" EditorControlType="NaturalEffects" />
        <TreeNode Text="Permanent Status Effects" EditorControlType="PermanentEffects" />
        <TreeNode Text="Temporary Status Effects" EditorControlType="TemporaryEffects" />
      </TreeNode>
      <TreeNode Text="Shemhazai" JumpToNode="34" Param="34">
        <TreeNode Name="34" Text="Stats and Equipment" EditorControlType="CharacterData" />
        <TreeNode Text="Licenses" EditorControlType="Licenses" />
        <TreeNode Text="Gambits" EditorControlType="Gambits" />
        <TreeNode Text="Natural Effects" EditorControlType="NaturalEffects" />
        <TreeNode Text="Permanent Status Effects" EditorControlType="PermanentEffects" />
        <TreeNode Text="Temporary Status Effects" EditorControlType="TemporaryEffects" />
      </TreeNode>
      <TreeNode Text="Chaos" JumpToNode="35" Param="35">
        <TreeNode Name="35" Text="Stats and Equipment" EditorControlType="CharacterData" />
        <TreeNode Text="Licenses" EditorControlType="Licenses" />
        <TreeNode Text="Gambits" EditorControlType="Gambits" />
        <TreeNode Text="Natural Effects" EditorControlType="NaturalEffects" />
        <TreeNode Text="Permanent Status Effects" EditorControlType="PermanentEffects" />
        <TreeNode Text="Temporary Status Effects" EditorControlType="TemporaryEffects" />
      </TreeNode>
      <TreeNode Text="Zeromus" JumpToNode="36" Param="36">
        <TreeNode Name="36" Text="Stats and Equipment" EditorControlType="CharacterData" />
        <TreeNode Text="Licenses" EditorControlType="Licenses" />
        <TreeNode Text="Gambits" EditorControlType="Gambits" />
        <TreeNode Text="Natural Effects" EditorControlType="NaturalEffects" />
        <TreeNode Text="Permanent Status Effects" EditorControlType="PermanentEffects" />
        <TreeNode Text="Temporary Status Effects" EditorControlType="TemporaryEffects" />
      </TreeNode>
      <TreeNode Text="Exodus" JumpToNode="37" Param="37">
        <TreeNode Name="37" Text="Stats and Equipment" EditorControlType="CharacterData" />
        <TreeNode Text="Licenses" EditorControlType="Licenses" />
        <TreeNode Text="Gambits" EditorControlType="Gambits" />
        <TreeNode Text="Natural Effects" EditorControlType="NaturalEffects" />
        <TreeNode Text="Permanent Status Effects" EditorControlType="PermanentEffects" />
        <TreeNode Text="Temporary Status Effects" EditorControlType="TemporaryEffects" />
      </TreeNode>
      <TreeNode Text="Ultima" JumpToNode="38" Param="38">
        <TreeNode Name="38" Text="Stats and Equipment" EditorControlType="CharacterData" />
        <TreeNode Text="Licenses" EditorControlType="Licenses" />
        <TreeNode Text="Gambits" EditorControlType="Gambits" />
        <TreeNode Text="Natural Effects" EditorControlType="NaturalEffects" />
        <TreeNode Text="Permanent Status Effects" EditorControlType="PermanentEffects" />
        <TreeNode Text="Temporary Status Effects" EditorControlType="TemporaryEffects" />
      </TreeNode>
      <TreeNode Text="Zodiark" JumpToNode="39" Param="39">
        <TreeNode Name="39" Text="Stats and Equipment" EditorControlType="CharacterData" />
        <TreeNode Text="Licenses" EditorControlType="Licenses" />
        <TreeNode Text="Gambits" EditorControlType="Gambits" />
        <TreeNode Text="Natural Effects" EditorControlType="NaturalEffects" />
        <TreeNode Text="Permanent Status Effects" EditorControlType="PermanentEffects" />
        <TreeNode Text="Temporary Status Effects" EditorControlType="TemporaryEffects" />
      </TreeNode>
    </TreeNode>
  </TreeNode>
  <TreeNode Text="Equipment" JumpToNode="50">
    <TreeNode Name="50" Text="Weapons" EditorControlType="Equipment" Param="Weapon" />
    <TreeNode Text="Ammunition" EditorControlType="Equipment" Param="Ammunition" />
    <TreeNode Text="Armor" EditorControlType="Equipment" Param="Armor" />
    <TreeNode Text="Accessories" EditorControlType="Equipment" Param="Accessory" />
  </TreeNode>
  <TreeNode Text="Items" EditorControlType="ConsumableItems" Param="Item" />
  <TreeNode Text="Loots" EditorControlType="ConsumableItems" Param="Loot" />
  <TreeNode Text="Abilities" JumpToNode="51">
    <TreeNode Name="51" Text="Magicks" EditorControlType="ActivatableItems" Param="Magicks" />
    <TreeNode Text="Technicks" EditorControlType="ActivatableItems" Param="Technicks" />
  </TreeNode>
  <TreeNode Text="Maps" EditorControlType="ActivatableItems" Param="Maps" />
  <TreeNode Text="Key Items" EditorControlType="ActivatableItems" Param="KeyItems" />
  <TreeNode Text="Bazaar Goods" EditorControlType="BazaarGoods" />
  <TreeNode Text="Bestiary" EditorControlType="Bestiary" />
  <TreeNode Text="Sky Pirate's Den" EditorControlType="SkyPiratesDen" />
</NavigationTree>