 ﻿<?xml version="1.0" encoding="utf-8" ?>
<SkyPiratesDen>
  <Item Index="0" Figurine="Balthier" Title="Assault Striker" />
  <Item Index="1" Figurine="Fran" Title="Spellsinger" />
  <Item Index="2" Figurine="Vayne" Title="Premier Prestidigitator" />
  <Item Index="3" Figurine="Vaan" Title="Master Thief" />
  <Item Index="4" Figurine="Basch" Title="Blood Dancer" />
  <Item Index="5" Figurine="Chocobo" Title="Wayfarer" />
  <Item Index="6" Figurine="Penelo" Title="Plunderer" />
  <Item Index="7" Figurine="Gurdy" Title="Spendthrift" />
  <Item Index="8" Figurine="Ashe" Title="Exemplar" />
  <Item Index="9" Figurine="Crystal" Title="Runeweaver" />
  <Item Index="10" Figurine="Vossler" Title="Jack-of-All-Trades" />
  <Item Index="11" Figurine="Rasler" Title="Conqueror" />
  <Item Index="12" Figurine="Belias" Title="High Summoner" />
  <Item Index="13" Figurine="Gabranth" Title="Mist Walker" />
  <Item Index="14" Figurine="Migelo" Title="Privateer" />
  <Item Index="15" Figurine="Old Dalan" Title="Cartographer" />
  <Item Index="16" Figurine="Ba'Gamnan" Title="Scrivener" />
  <Item Index="17" Figurine="Reks" Title="Record Breaker" />
  <Item Index="18" Figurine="Montblanc" Title="The Unrelenting" />
  <Item Index="19" Figurine="Mimic?" Title="Collector" />
  <Item Index="20" Figurine="Trickster" Title="Sharpshooter" />
  <Item Index="21" Figurine="Gilgamesh" Title="Master Swordsman" />
  <Item Index="22" Figurine="Behemoth King" Title="Lord of the Kings" />
  <Item Index="23" Figurine="Fafnir" Title="Wyrmslayer" />
  <Item Index="24" Figurine="Carrot" Title="Freshmaker" />
  <Item Index="25" Figurine="Deathgaze" Title="Eagle Eye" />
  <Item Index="26" Figurine="Yiazmat" Title="Hunter Extraordinaire" />
  <Item Index="27" Figurine="Hell Wyrm" Title="Radiant Savior" />
  <Item Index="28" Figurine="Ultima" Title="Fell Angel" />
  <Item Index="29" Figurine="Zodiark" Title="Zodiac Knight" />
</SkyPiratesDen> 