﻿<?xml version="1.0" encoding="utf-8" ?>
<StatusEffects>
  <Permanent>
    <Item Index="0" Name="Immune: KO" Comment="Stay alive even with HP 0." />
    <Item Index="1" Name="Immune: Stone" Comment="Does not work." />
    <Item Index="2" Name="Immune: Petrify" Comment="" />
    <Item Index="3" Name="Immune: Stop" Comment="" />
    <Item Index="4" Name="Immune: Sleep" Comment="" />
    <Item Index="5" Name="Immune: Confuse" Comment="" />
    <Item Index="6" Name="Immune: Doom" Comment="" />
    <Item Index="7" Name="Immune: Blind" Comment="" />
    <Item Index="8" Name="Immune: Poison" Comment="" />
    <Item Index="9" Name="Immune: Silence" Comment="" />
    <Item Index="10" Name="Immune: Sap" Comment="" />
    <Item Index="11" Name="Immune: Oil" Comment="" />
    <Item Index="12" Name="Immune: Reverse" Comment="" />
    <Item Index="13" Name="Immune: Disable" Comment="" />
    <Item Index="14" Name="Immune: Immobilize" Comment="" />
    <Item Index="15" Name="Immune: Slow" Comment="" />
    <Item Index="16" Name="Immune: Disease" Comment="" />
    <Item Index="17" Name="Immune: Lure" Comment="" />
    <Item Index="18" Name="Immune: Protect" Comment="" />
    <Item Index="19" Name="Immune: Shell" Comment="" />
    <Item Index="20" Name="Immune: Haste" Comment="" />
    <Item Index="21" Name="Immune: Bravery" Comment="" />
    <Item Index="22" Name="Immune: Faith" Comment="" />
    <Item Index="23" Name="Immune: Reflect" Comment="" />
    <Item Index="24" Name="Immune: Invisible" Comment="" />
    <Item Index="25" Name="Immune: Regen" Comment="" />
    <Item Index="26" Name="Immune: Float" Comment="" />
    <Item Index="27" Name="Immune: Berserk" Comment="" />
    <Item Index="28" Name="Immune: Bubble" Comment="" />
    <Item Index="29" Name="Immune: HP Critical" Comment="Does not work." />
    <Item Index="30" Name="Immune: Libra" Comment="" />
    <Item Index="31" Name="Immune: X-Zone(!)" Comment="" />
    <Item Index="32" Name="KO" Comment="" />
    <Item Index="33" Name="Stone" Comment="" />
    <Item Index="34" Name="Petrify" Comment="" />
    <Item Index="35" Name="Stop" Comment="" />
    <Item Index="36" Name="Sleep" Comment="" />
    <Item Index="37" Name="Confuse" Comment="" />
    <Item Index="38" Name="Doom" Comment="" />
    <Item Index="39" Name="Blind" Comment="" />
    <Item Index="40" Name="Poison" Comment="" />
    <Item Index="41" Name="Silence" Comment="" />
    <Item Index="42" Name="Sap" Comment="" />
    <Item Index="43" Name="Oil" Comment="" />
    <Item Index="44" Name="Reverse" Comment="" />
    <Item Index="45" Name="Disable" Comment="" />
    <Item Index="46" Name="Immobilize" Comment="" />
    <Item Index="47" Name="Slow" Comment="" />
    <Item Index="48" Name="Disease" Comment="" />
    <Item Index="49" Name="Lure" Comment="" />
    <Item Index="50" Name="Protect" Comment="" />
    <Item Index="51" Name="Shell" Comment="" />
    <Item Index="52" Name="Haste" Comment="" />
    <Item Index="53" Name="Bravery" Comment="" />
    <Item Index="54" Name="Faith" Comment="" />
    <Item Index="55" Name="Reflect" Comment="" />
    <Item Index="56" Name="Invisible" Comment="" />
    <Item Index="57" Name="Regen" Comment="" />
    <Item Index="58" Name="Float" Comment="" />
    <Item Index="59" Name="Berserk" Comment="" />
    <Item Index="60" Name="Bubble" Comment="" />
    <Item Index="61" Name="HP Critical" Comment="" />
    <Item Index="62" Name="Libra" Comment="" />
    <Item Index="63" Name="X-Zone" Comment="" />
    <Item Index="64" Name="Weak: Fire" Comment="" />
    <Item Index="65" Name="Weak: Lightning" Comment="" />
    <Item Index="66" Name="Weak: Ice" Comment="" />
    <Item Index="67" Name="Weak: Earth" Comment="" />
    <Item Index="68" Name="Weak: Water" Comment="" />
    <Item Index="69" Name="Weak: Wind" Comment="" />
    <Item Index="70" Name="Weak: Holy" Comment="" />
    <Item Index="71" Name="Weak: Dark" Comment="" />
    <Item Index="72" Name="Absorb: Fire" Comment="" />
    <Item Index="73" Name="Absorb: Lightning" Comment="" />
    <Item Index="74" Name="Absorb: Ice" Comment="" />
    <Item Index="75" Name="Absorb: Earth" Comment="" />
    <Item Index="76" Name="Absorb: Water" Comment="" />
    <Item Index="77" Name="Absorb: Wind" Comment="" />
    <Item Index="78" Name="Absorb: Holy" Comment="" />
    <Item Index="79" Name="Absorb: Dark" Comment="" />
    <Item Index="80" Name="Half Damage: Fire" Comment="" />
    <Item Index="81" Name="Half Damage: Lightning" Comment="" />
    <Item Index="82" Name="Half Damage: Ice" Comment="" />
    <Item Index="83" Name="Half Damage: Earth" Comment="" />
    <Item Index="84" Name="Half Damage: Water" Comment="" />
    <Item Index="85" Name="Half Damage: Wind" Comment="" />
    <Item Index="86" Name="Half Damage: Holy" Comment="" />
    <Item Index="87" Name="Half Damage: Dark" Comment="" />
    <Item Index="88" Name="Immune: Fire" Comment="" />
    <Item Index="89" Name="Immune: Lightning" Comment="" />
    <Item Index="90" Name="Immune: Ice" Comment="" />
    <Item Index="91" Name="Immune: Earth" Comment="" />
    <Item Index="92" Name="Immune: Water" Comment="" />
    <Item Index="93" Name="Immune: Wind" Comment="" />
    <Item Index="94" Name="Immune: Holy" Comment="" />
    <Item Index="95" Name="Immune: Dark" Comment="" />
  </Permanent>
  <Temporary>
    <Item Index="0" Name="KO" HasDuration="false" />
    <Item Index="1" Name="Stone" HasDuration="false" />
    <Item Index="2" Name="Petrify" HasDuration="true" />
    <Item Index="3" Name="Stop" HasDuration="true" />
    <Item Index="4" Name="Sleep" HasDuration="true" />
    <Item Index="5" Name="Confuse" HasDuration="true" />
    <Item Index="6" Name="Doom" HasDuration="true" />
    <Item Index="7" Name="Blind" HasDuration="false" />
    <Item Index="8" Name="Poison" HasDuration="true" />
    <Item Index="9" Name="Silence" HasDuration="false" />
    <Item Index="10" Name="Sap" HasDuration="false" />
    <Item Index="11" Name="Oil" HasDuration="false" />
    <Item Index="12" Name="Reverse" HasDuration="true" />
    <Item Index="13" Name="Disable" HasDuration="true" />
    <Item Index="14" Name="Immobilize" HasDuration="true" />
    <Item Index="15" Name="Slow" HasDuration="true" />
    <Item Index="16" Name="Disease" HasDuration="false" />
    <Item Index="17" Name="Lure" HasDuration="true" />
    <Item Index="18" Name="Protect" HasDuration="true" />
    <Item Index="19" Name="Shell" HasDuration="true" />
    <Item Index="20" Name="Haste" HasDuration="true" />
    <Item Index="21" Name="Bravery" HasDuration="true" />
    <Item Index="22" Name="Faith" HasDuration="true" />
    <Item Index="23" Name="Reflect" HasDuration="true" />
    <Item Index="24" Name="Invisible" HasDuration="true" />
    <Item Index="25" Name="Regen" HasDuration="true" />
    <Item Index="26" Name="Float" HasDuration="true" />
    <Item Index="27" Name="Berserk" HasDuration="true" />
    <Item Index="28" Name="Bubble" HasDuration="true" />
    <Item Index="29" Name="HP Critical" HasDuration="false" />
    <Item Index="30" Name="Libra" HasDuration="true" />
    <Item Index="31" Name="X-Zone" HasDuration="false" />
  </Temporary>
  <Natural>
    <Item Index="0" Name="Null Knockback" Comment="Unaffected by weapon's knockback property." IsUnknown="False" />
    <Item Index="1" Name="Safety" Comment="Protects from Instant Death, Warp, Poach, Fractional Damage (Gravity, Graviga), &quot;Fang&quot; items, Sight Unseeing, Syphon, Numerology, Charm, Achilles, Bonecrusher, Wither and Addle, makes undead enemies immune to Renew." IsUnknown="False" />
    <Item Index="2" Name="Null Evade" Comment="Target's evasion is ignored when attacking." IsUnknown="False" />
    <Item Index="3" Name="Shield Block" Comment="Raises evasion and magic evasion 10% if opponent has a shield." IsUnknown="False" />
    <Item Index="4" Name="Parry" Comment="Raises Evade by 25 if Evade is not 0." IsUnknown="False" />
    <Item Index="5" Name="Last Stand" Comment="Increases defence when HP Critical." IsUnknown="False" />
    <Item Index="6" Name="Counter" Comment="Counter attack with rate of 1/2 Speed." IsUnknown="False" />
    <Item Index="7" Name="Counter Plus" Comment="Counter rate is boosted to Speed x 2." IsUnknown="False" />
    <Item Index="8" Name="Spellbreaker" Comment="Increases magick power when HP Critical." IsUnknown="False" />
    <Item Index="9" Name="Brawler" Comment="Increases attack power when fighting empty-handed." IsUnknown="False" />
    <Item Index="10" Name="Adrenaline" Comment="Increases strength when HP Critical." IsUnknown="False" />
    <Item Index="11" Name="Focus" Comment="Increases strength when HP is full." IsUnknown="False" />
    <Item Index="12" Name="_Unknown_01" Comment="" IsUnknown="True" />
    <Item Index="13" Name="Genji Gloves Effect" Comment="Improves chance of scoring multiple hits." IsUnknown="False" />
    <Item Index="14" Name="Item Plus" Comment="Improves recovery items and Fang items by 50%." IsUnknown="False" />
    <Item Index="15" Name="Item Reverse" Comment="Effects of items are reversed." IsUnknown="False" />
    <Item Index="16" Name="Null Weather &amp; Terrain Effects" Comment="Unaffected by environmental conditions." IsUnknown="False" />
    <Item Index="17" Name="Thief's Cuffs Effect" Comment="Enables the theft of superior and rare items." IsUnknown="False" />
    <Item Index="18" Name="Null VIT" Comment="Target's vitality is ignored when casting status spells." IsUnknown="False" />
    <Item Index="19" Name="Magick Lore" Comment="" IsUnknown="False" />
    <Item Index="20" Name="Warmage" Comment="Gain MP after dealing magick damage." IsUnknown="False" />
    <Item Index="21" Name="Martyr" Comment="Gain MP after taking damage." IsUnknown="False" />
    <Item Index="22" Name="Magick Lore" Comment="" IsUnknown="False" />
    <Item Index="23" Name="Headsman" Comment="Gain MP after defeating a foe." IsUnknown="False" />
    <Item Index="24" Name="Magick Lore" Comment="" IsUnknown="False" />
    <Item Index="25" Name="Diamond Armlet Effect" Comment="Obtain superior items from chests, coffers, and the like." IsUnknown="False" />
    <Item Index="26" Name="Magick Lore" Comment="" IsUnknown="False" />
    <Item Index="27" Name="Double EXP" Comment="Doubles EXP earned." IsUnknown="False" />
    <Item Index="28" Name="Double LP" Comment="Doubles License Points earned." IsUnknown="False" />
    <Item Index="29" Name="No EXP" Comment="Reduces EXP earned to 0." IsUnknown="False" />
    <Item Index="30" Name="Spellbound" Comment="Increases duration of status effects." IsUnknown="False" />
    <Item Index="31" Name="Piercing Magick" Comment="Magick bypasses Reflect." IsUnknown="False" />
    <Item Index="32" Name="Turtleshell Choker Effect" Comment="Enables casting of magicks with gil, rather than MP." IsUnknown="False" />
    <Item Index="33" Name="_Unknown_02" Comment="" IsUnknown="True" />
    <Item Index="34" Name="_Unknown_03" Comment="" IsUnknown="True" />
    <Item Index="35" Name="Battle Lore" Comment="" IsUnknown="False" />
    <Item Index="36" Name="Half MP Cost" Comment="Spells cost half normal MP cost." IsUnknown="False" />
    <Item Index="37" Name="Steel Poleyns Effect" Comment="Move safely past traps." IsUnknown="False" />
    <Item Index="38" Name="_Unknown_04" Comment="" IsUnknown="True" />
    <Item Index="39" Name="Zero MP" Comment="Reduces MP to 0." IsUnknown="False" />
    <Item Index="40" Name="Resist Guns &amp; Measures" Comment="Damage from guns and measures is reduced by 7/8ths." IsUnknown="False" />
    <Item Index="41" Name="Anti-Libra" Comment="Libra cannot provide more detailed information about the user." IsUnknown="False" />
    <Item Index="42" Name="Battle Lore" Comment="" IsUnknown="False" />
    <Item Index="43" Name="Battle Lore" Comment="" IsUnknown="False" />
    <Item Index="44" Name="Battle Lore" Comment="" IsUnknown="False" />
    <Item Index="45" Name="Battle Lore" Comment="" IsUnknown="False" />
    <Item Index="46" Name="Battle Lore" Comment="" IsUnknown="False" />
    <Item Index="47" Name="Battle Lore" Comment="" IsUnknown="False" />
    <Item Index="48" Name="Damage Resist" Comment="Total damage is reduced by 1/3." IsUnknown="False" />
    <Item Index="49" Name="Attack Plus" Comment="Base attack is improved by 20%." IsUnknown="False" />
    <Item Index="50" Name="HP Devour" Comment="Attack doubled, but user takes damage inflicted." IsUnknown="False" />
    <Item Index="51" Name="Mana Spring" Comment="Causes user's magicks to cost 0 MP." IsUnknown="False" />
    <Item Index="52" Name="Shift" Comment="Changes elemental weakness." IsUnknown="False" />
    <Item Index="53" Name="Attack CT 0" Comment="Attacks have no Charge Time." IsUnknown="False" />
    <Item Index="54" Name="Magick CT 0" Comment="Reduces charge time for magicks to 0." IsUnknown="False" />
    <Item Index="55" Name="Immune: Attack" Comment="Renders user immune to physical attacks." IsUnknown="False" />
    <Item Index="56" Name="Immune: Magick" Comment="Renders user immune to magicks." IsUnknown="False" />
    <Item Index="57" Name="_Unknown_05" Comment="" IsUnknown="True" />
    <Item Index="58" Name="Return Damage" Comment="Attacker receives 5% of damage inflicted." IsUnknown="False" />
    <Item Index="59" Name="_Unknown_06" Comment="" IsUnknown="True" />
    <Item Index="60" Name="Battle Lore" Comment="" IsUnknown="False" />
    <Item Index="61" Name="Battle Lore" Comment="" IsUnknown="False" />
    <Item Index="62" Name="Battle Lore" Comment="" IsUnknown="False" />
    <Item Index="63" Name="Battle Lore" Comment="" IsUnknown="False" />
    <Item Index="64" Name="Battle Lore" Comment="" IsUnknown="False" />
    <Item Index="65" Name="Battle Lore" Comment="" IsUnknown="False" />
    <Item Index="66" Name="Battle Lore" Comment="" IsUnknown="False" />
    <Item Index="67" Name="Battle Lore" Comment="" IsUnknown="False" />
    <Item Index="68" Name="Battle Lore" Comment="" IsUnknown="False" />
    <Item Index="69" Name="Magick Lore" Comment="" IsUnknown="False" />
    <Item Index="70" Name="Magick Lore" Comment="" IsUnknown="False" />
    <Item Index="71" Name="Magick Lore" Comment="" IsUnknown="False" />
    <Item Index="72" Name="Magick Lore" Comment="" IsUnknown="False" />
    <Item Index="73" Name="Magick Lore" Comment="" IsUnknown="False" />
    <Item Index="74" Name="+30 HP" Comment="" IsUnknown="False" />
    <Item Index="75" Name="+70 HP" Comment="" IsUnknown="False" />
    <Item Index="76" Name="+110 HP" Comment="" IsUnknown="False" />
    <Item Index="77" Name="+150 HP" Comment="" IsUnknown="False" />
    <Item Index="78" Name="+190 HP" Comment="" IsUnknown="False" />
    <Item Index="79" Name="+230 HP" Comment="" IsUnknown="False" />
    <Item Index="80" Name="+270 HP" Comment="" IsUnknown="False" />
    <Item Index="81" Name="+310 HP" Comment="" IsUnknown="False" />
    <Item Index="82" Name="+350 HP" Comment="" IsUnknown="False" />
    <Item Index="83" Name="+390 HP" Comment="" IsUnknown="False" />
    <Item Index="84" Name="+435 HP" Comment="" IsUnknown="False" />
    <Item Index="85" Name="+500 HP" Comment="" IsUnknown="False" />
    <Item Index="86" Name="Inquisitor" Comment="Gain MP after dealing damage." IsUnknown="False" />
    <Item Index="87" Name="Magick Lore" Comment="" IsUnknown="False" />
    <Item Index="88" Name="Shield Block" Comment="Increases chance to block with a shield." IsUnknown="False" />
    <Item Index="89" Name="Shield Block" Comment="..." IsUnknown="False" />
    <Item Index="90" Name="Shield Block" Comment="..." IsUnknown="False" />
    <Item Index="91" Name="Channeling" Comment="Reduces magick MP cost by 10%." IsUnknown="False" />
    <Item Index="92" Name="Channeling" Comment="..." IsUnknown="False" />
    <Item Index="93" Name="Channeling" Comment="..." IsUnknown="False" />
    <Item Index="94" Name="Swiftness" Comment="Reduces action time by 10%." IsUnknown="False" />
    <Item Index="95" Name="Swiftness" Comment="..." IsUnknown="False" />
    <Item Index="96" Name="Swiftness" Comment="..." IsUnknown="False" />
    <Item Index="97" Name="Magick Lore" Comment="" IsUnknown="False" />
    <Item Index="98" Name="Magick Lore" Comment="" IsUnknown="False" />
    <Item Index="99" Name="Magick Lore" Comment="" IsUnknown="False" />
    <Item Index="100" Name="Magick Lore" Comment="" IsUnknown="False" />
    <Item Index="101" Name="Magick Lore" Comment="" IsUnknown="False" />
    <Item Index="102" Name="Magick Lore" Comment="" IsUnknown="False" />
    <Item Index="103" Name="Serenity" Comment="Increases magick when HP is full." IsUnknown="False" />
    <Item Index="104" Name="Gambit Slot" Comment="" IsUnknown="True" />
    <Item Index="105" Name="Gambit Slot" Comment="" IsUnknown="True" />
    <Item Index="106" Name="Gambit Slot" Comment="" IsUnknown="True" />
    <Item Index="107" Name="Gambit Slot" Comment="" IsUnknown="True" />
    <Item Index="108" Name="Gambit Slot" Comment="" IsUnknown="True" />
    <Item Index="109" Name="Gambit Slot" Comment="" IsUnknown="True" />
    <Item Index="110" Name="Gambit Slot" Comment="" IsUnknown="True" />
    <Item Index="111" Name="Gambit Slot" Comment="" IsUnknown="True" />
    <Item Index="112" Name="Gambit Slot" Comment="" IsUnknown="True" />
    <Item Index="113" Name="Gambit Slot" Comment="" IsUnknown="True" />
    <Item Index="114" Name="Non-Guest Character?" Comment="As far as I noticed, only Vaan, Ashe, Fran, Balthier, Basch, Penelo and Reks have this flag enabled." IsUnknown="True" />
    <Item Index="115" Name="_Unknown_07" Comment="" IsUnknown="True" />
    <Item Index="116" Name="Remedy Lore 3" Comment="" IsUnknown="False" />
    <Item Index="117" Name="Remedy Lore 2" Comment="" IsUnknown="False" />
    <Item Index="118" Name="Remedy Lore 1" Comment="" IsUnknown="False" />
    <Item Index="119" Name="Potion Lore 3" Comment="" IsUnknown="False" />
    <Item Index="120" Name="Potion Lore 2" Comment="" IsUnknown="False" />
    <Item Index="121" Name="Potion Lore 1" Comment="" IsUnknown="False" />
    <Item Index="122" Name="Ether Lore 3" Comment="" IsUnknown="False" />
    <Item Index="123" Name="Ether Lore 2" Comment="" IsUnknown="False" />
    <Item Index="124" Name="Ether Lore 1" Comment="" IsUnknown="False" />
    <Item Index="125" Name="Phoenix Lore 3" Comment="" IsUnknown="False" />
    <Item Index="126" Name="Phoenix Lore 2" Comment="" IsUnknown="False" />
    <Item Index="127" Name="Phoenix Lore 1" Comment="" IsUnknown="False" />
  </Natural>
</StatusEffects>